-- MySQL dump 10.13  Distrib 5.1.63, for debian-linux-gnu (x86_64)
--
-- Host: localhost    Database: df
-- ------------------------------------------------------
-- Server version	5.1.63-0ubuntu0.11.10.1

/*!40101 SET @OLD_CHARACTER_SET_CLIENT=@@CHARACTER_SET_CLIENT */;
/*!40101 SET @OLD_CHARACTER_SET_RESULTS=@@CHARACTER_SET_RESULTS */;
/*!40101 SET @OLD_COLLATION_CONNECTION=@@COLLATION_CONNECTION */;
/*!40101 SET NAMES utf8 */;
/*!40103 SET @OLD_TIME_ZONE=@@TIME_ZONE */;
/*!40103 SET TIME_ZONE='+00:00' */;
/*!40014 SET @OLD_UNIQUE_CHECKS=@@UNIQUE_CHECKS, UNIQUE_CHECKS=0 */;
/*!40014 SET @OLD_FOREIGN_KEY_CHECKS=@@FOREIGN_KEY_CHECKS, FOREIGN_KEY_CHECKS=0 */;
/*!40101 SET @OLD_SQL_MODE=@@SQL_MODE, SQL_MODE='NO_AUTO_VALUE_ON_ZERO' */;
/*!40111 SET @OLD_SQL_NOTES=@@SQL_NOTES, SQL_NOTES=0 */;

--
-- Current Database: `df`
--

CREATE DATABASE /*!32312 IF NOT EXISTS*/ `df` /*!40100 DEFAULT CHARACTER SET utf8 */;

USE `df`;

--
-- Table structure for table `fd_Change`
--

DROP TABLE IF EXISTS `fd_Change`;
/*!40101 SET @saved_cs_client     = @@character_set_client */;
/*!40101 SET character_set_client = utf8 */;
CREATE TABLE `fd_Change` (
  `id` int(11) NOT NULL AUTO_INCREMENT,
  `user_id` int(11) DEFAULT NULL,
  `chtime` datetime NOT NULL,
  `chtimedelta` int(11) NOT NULL,
  `chtype` int(11) NOT NULL,
  PRIMARY KEY (`id`)
) ENGINE=InnoDB DEFAULT CHARSET=utf8;
/*!40101 SET character_set_client = @saved_cs_client */;


--
-- Table structure for table `fd_City`
--

DROP TABLE IF EXISTS `fd_City`;
/*!40101 SET @saved_cs_client     = @@character_set_client */;
/*!40101 SET character_set_client = utf8 */;
CREATE TABLE `fd_City` (
  `id` int(11) NOT NULL AUTO_INCREMENT,
  `province_id` int(11) DEFAULT NULL,
  `name` varchar(100) NOT NULL,
  PRIMARY KEY (`id`)
) ENGINE=InnoDB DEFAULT CHARSET=utf8;
/*!40101 SET character_set_client = @saved_cs_client */;

--
-- Dumping data for table `fd_City`
--

LOCK TABLES `fd_City` WRITE;
/*!40000 ALTER TABLE `fd_City` DISABLE KEYS */;
INSERT INTO `fd_City` VALUES (1,15,'滨州'),(2,7,'白城'),(3,12,'池州'),(4,13,'莆田'),(5,6,'大连'),(6,15,'莱芜'),(7,31,'和田'),(8,24,'贵阳'),(9,10,'江阴'),(10,20,'钦州'),(11,14,'赣州'),(12,21,'三亚'),(13,23,'水磨'),(14,25,'昭通'),(15,16,'郑州'),(16,8,'黑河'),(17,27,'汉中'),(18,3,'衡水'),(19,23,'雅安'),(20,13,'三明'),(21,4,'阳泉'),(22,5,'通辽'),(23,19,'深圳'),(24,3,'邯郸'),(25,28,'成县'),(26,19,'潮州'),(27,7,'延吉'),(28,14,'九江'),(29,19,'汕尾'),(30,13,'永安'),(31,27,'商洛'),(32,10,'常州'),(33,31,'库尔勒'),(34,20,'梧州'),(35,4,'运城'),(36,10,'淮安'),(37,30,'石嘴山'),(38,10,'句容'),(39,17,'襄樊'),(40,8,'哈尔滨'),(41,16,'新乡'),(42,11,'宁波'),(43,27,'西安'),(44,28,'天水'),(45,5,'巴彦淖尔'),(46,18,'娄底'),(47,32,'香港'),(48,17,'武汉'),(49,14,'新余'),(50,28,'平凉'),(51,11,'海宁'),(52,10,'宜兴'),(53,30,'固原'),(54,31,'石河子'),(55,20,'河池'),(56,19,'普宁'),(57,8,'齐齐哈尔'),(58,19,'广州'),(59,10,'苏州'),(60,17,'仙桃'),(61,15,'济南'),(62,31,'伊宁'),(63,19,'江门'),(64,18,'郴州'),(65,23,'内江'),(66,7,'长春'),(67,24,'都匀'),(68,19,'佛山'),(69,11,'舟山'),(70,21,'文昌'),(71,19,'惠州'),(72,16,'商丘'),(73,18,'益阳'),(74,8,'大庆'),(75,25,'昆明'),(76,16,'洛阳'),(77,6,'朝阳'),(78,8,'佳木斯'),(79,19,'清远'),(80,25,'蒙自'),(81,24,'铜仁'),(82,17,'丹江口'),(83,7,'通化'),(84,18,'邵阳'),(85,17,'荆门'),(86,6,'本溪'),(87,19,'珠海'),(88,16,'开封'),(89,24,'兴义'),(90,20,'玉林'),(91,16,'永城'),(92,3,'廊坊'),(93,5,'锡林浩特'),(94,23,'宜宾'),(95,7,'辽源'),(96,10,'无锡'),(97,10,'泰州'),(98,14,'抚州'),(99,20,'百色'),(100,17,'恩施'),(101,11,'杭州'),(102,28,'酒泉'),(103,1,'北京'),(104,23,'自贡'),(105,4,'晋城'),(106,16,'济源'),(107,23,'西昌'),(108,4,'大同'),(109,19,'增城'),(110,23,'广元'),(111,19,'肇庆'),(112,6,'抚顺'),(113,17,'荆州'),(114,13,'宁德'),(115,27,'杨凌'),(116,12,'巢湖'),(117,3,'秦皇岛'),(118,3,'沧州'),(119,10,'南通'),(120,12,'芜湖'),(121,15,'青岛'),(122,20,'中山'),(123,13,'漳州'),(124,8,'加格达奇'),(125,2,'天津'),(126,23,'泸州'),(127,31,'喀什'),(128,11,'东阳'),(129,24,'毕节'),(130,20,'贺州'),(131,23,'广汉'),(132,15,'菏泽'),(133,12,'蚌埠'),(134,18,'株洲'),(135,12,'阜阳'),(136,14,'景德镇'),(137,23,'达州'),(138,25,'大理'),(139,16,'漯河'),(140,17,'黄冈'),(141,11,'台州'),(142,21,'琼海'),(143,5,'呼伦贝尔'),(144,12,'宿州'),(145,9,'上海'),(146,6,'鞍山'),(147,19,'湛江'),(148,18,'永州'),(149,12,'铜陵'),(150,27,'榆林'),(151,13,'石狮'),(152,7,'四平'),(153,31,'阿拉尔'),(154,12,'六安'),(155,8,'伊春'),(156,18,'湘潭'),(157,28,'庆阳'),(158,10,'连云港'),(159,19,'梅州'),(160,10,'南京'),(161,20,'桂林'),(162,3,'承德'),(163,27,'咸阳'),(164,23,'康定'),(165,25,'丽江'),(166,14,'南昌'),(167,17,'咸宁'),(168,31,'阿克苏'),(169,31,'克拉玛依'),(170,7,'吉林市'),(171,14,'上饶'),(172,15,'威海'),(173,13,'泉州'),(174,15,'禹城'),(175,3,'唐山'),(176,23,'遂宁'),(177,6,'铁岭'),(178,10,'张家港'),(179,14,'鹰潭'),(180,10,'镇江'),(181,7,'延安'),(182,15,'济宁'),(183,17,'潜江'),(184,14,'宜春'),(185,4,'临汾'),(186,25,'安宁'),(187,27,'镐京'),(188,15,'日照'),(189,12,'马鞍山'),(190,24,'安顺'),(191,17,'宜昌'),(192,6,'临江'),(193,6,'锦州'),(194,16,'濮阳'),(195,25,'普洱'),(196,23,'乐山'),(197,27,'渭南'),(198,8,'双城'),(199,16,'信阳'),(200,19,'茂名'),(201,5,'赤峰'),(202,16,'南阳'),(203,15,'烟台'),(204,10,'徐州'),(205,13,'南平'),(206,15,'潍坊'),(207,28,'武威'),(208,11,'湖州'),(209,14,'吉安'),(210,19,'阳江'),(211,31,'乌鲁木齐'),(212,12,'淮北'),(213,8,'双鸭山'),(214,6,'葫芦岛'),(215,10,'盐城'),(216,10,'涟水'),(217,18,'怀化'),(218,28,'合作'),(219,16,'许昌'),(220,25,'楚雄'),(221,11,'临海'),(222,25,'文山'),(223,23,'绵阳'),(224,27,'宝鸡'),(225,16,'周口'),(226,25,'保山'),(227,11,'义乌'),(228,18,'张家界'),(229,15,'临沂'),(230,28,'定西'),(231,11,'衢州'),(232,4,'晋中'),(233,12,'宣城'),(234,18,'长沙'),(235,11,'温州'),(236,29,'西宁'),(237,18,'衡阳'),(238,10,'宿迁'),(239,12,'亳州'),(240,4,'太谷'),(241,24,'遵义'),(242,6,'阜新'),(243,16,'安阳'),(244,20,'北海'),(245,6,'沈阳'),(246,28,'兰州'),(247,19,'汕头'),(248,8,'鹤岗'),(249,6,'盘锦'),(250,6,'辽阳'),(251,8,'绥化'),(252,23,'绵竹'),(253,19,'韶关'),(254,13,'龙岩'),(255,10,'常熟'),(256,13,'福州'),(257,15,'泰安'),(258,19,'河源'),(259,14,'樟树'),(260,12,'淮南'),(261,23,'成都'),(262,4,'太原'),(263,17,'随州'),(264,4,'忻州'),(265,12,'滁州'),(266,15,'东营'),(267,25,'景洪'),(268,26,'拉萨'),(269,3,'保定'),(270,4,'长治'),(271,8,'鸡西'),(272,20,'崇左'),(273,5,'包头'),(274,11,'绍兴'),(275,15,'聊城'),(276,15,'寿光'),(277,3,'任丘'),(278,16,'鹤壁'),(279,18,'吉首'),(280,19,'罗定'),(281,13,'厦门'),(282,23,'德阳'),(283,4,'吕梁'),(284,15,'淄博'),(285,17,'鄂州'),(286,31,'五家渠'),(287,6,'营口'),(288,11,'丽水'),(289,15,'曲阜'),(290,6,'丹东'),(291,10,'昆山'),(292,23,'攀枝花'),(293,3,'石家庄'),(294,10,'太仓'),(295,13,'武夷山'),(296,12,'合肥'),(297,19,'东莞'),(298,15,'枣庄'),(299,22,'重庆'),(300,16,'焦作'),(301,24,'凯里'),(302,4,'介休'),(303,8,'牡丹江'),(304,16,'驻马店'),(305,17,'黄石'),(306,5,'呼和浩特'),(307,16,'三门峡'),(308,10,'扬州'),(309,3,'张家口'),(310,17,'十堰'),(311,28,'张掖'),(312,12,'凤阳'),(313,30,'银川'),(314,25,'玉溪'),(315,5,'乌兰察布'),(316,18,'常德'),(317,6,'沙河'),(318,3,'邢台'),(319,5,'乌兰浩特'),(320,15,'德州'),(321,16,'平顶山'),(322,11,'嘉兴'),(323,20,'柳州'),(324,23,'眉山'),(325,31,'昌吉'),(326,20,'宜州'),(327,11,'金华'),(328,12,'黄山'),(329,23,'广安'),(330,18,'岳阳'),(331,19,'揭阳'),(332,23,'南充'),(333,21,'海口'),(334,20,'贵港'),(335,14,'萍乡'),(336,24,'六盘水'),(337,27,'安康'),(338,23,'龙泉'),(339,20,'南宁'),(340,17,'孝感'),(341,12,'安庆'),(342,30,'吴忠'),(343,25,'曲靖');
/*!40000 ALTER TABLE `fd_City` ENABLE KEYS */;
UNLOCK TABLES;

--
-- Table structure for table `fd_College`
--

DROP TABLE IF EXISTS `fd_College`;
/*!40101 SET @saved_cs_client     = @@character_set_client */;
/*!40101 SET character_set_client = utf8 */;
CREATE TABLE `fd_College` (
  `id` int(11) NOT NULL AUTO_INCREMENT,
  `province_id` int(11) DEFAULT NULL,
  `city_id` int(11) DEFAULT NULL,
  `name` varchar(100) NOT NULL,
  `image_path` varchar(20) DEFAULT NULL,
  `chsi_no` int(11) DEFAULT NULL,
  PRIMARY KEY (`id`),
  UNIQUE KEY `name` (`name`),
  UNIQUE KEY `chsi_no` (`chsi_no`)
) ENGINE=InnoDB DEFAULT CHARSET=utf8;
/*!40101 SET character_set_client = @saved_cs_client */;

--
-- Dumping data for table `fd_College`
--

LOCK TABLES `fd_College` WRITE;
/*!40000 ALTER TABLE `fd_College` DISABLE KEYS */;
INSERT INTO `fd_College` VALUES (1,1,103,'北京大学','1.jpg',1),(2,1,103,'中国人民大学','2.jpg',2),(3,1,103,'清华大学','3.jpg',3),(4,1,103,'北京交通大学','4.jpg',4),(5,1,103,'北京工业大学','5.jpg',5),(6,1,103,'北京航空航天大学','6.jpg',6),(7,1,103,'北京理工大学','7.jpg',7),(8,1,103,'北京科技大学','8.jpg',8),(9,1,103,'北方工业大学','9.jpg',9),(10,1,103,'北京化工大学','10.jpg',10),(11,1,103,'北京工商大学','11.jpg',11),(12,1,103,'北京服装学院','12.jpg',12),(13,1,103,'北京邮电大学','13.jpg',13),(14,1,103,'北京印刷学院','14.jpg',14),(15,1,103,'北京建筑工程学院','15.jpg',15),(16,1,103,'北京石油化工学院','16.jpg',16),(17,1,103,'北京电子科技学院','17.jpg',17),(18,1,103,'中国农业大学','18.jpg',18),(19,1,103,'北京农学院','19.jpg',19),(20,1,103,'北京林业大学','20.jpg',20),(21,1,103,'北京协和医学院','21.jpg',21),(22,1,103,'首都医科大学','22.jpg',22),(23,1,103,'北京中医药大学','23.jpg',23),(24,1,103,'北京师范大学','24.jpg',24),(25,1,103,'首都师范大学','25.jpg',25),(26,1,103,'首都体育学院','26.jpg',26),(27,1,103,'北京外国语大学','27.jpg',27),(28,1,103,'北京第二外国语学院','28.jpg',28),(29,1,103,'北京语言大学','29.jpg',29),(30,1,103,'中国传媒大学','30.jpg',30),(31,1,103,'中央财经大学','31.jpg',31),(32,1,103,'对外经济贸易大学','32.jpg',32),(33,1,103,'北京物资学院','33.jpg',33),(34,1,103,'首都经济贸易大学','34.jpg',34),(35,1,103,'外交学院','35.jpg',35),(36,1,103,'中国人民公安大学',NULL,36),(37,1,103,'国际关系学院','37.jpg',37),(38,1,103,'北京体育大学','38.jpg',38),(39,1,103,'中央音乐学院','39.jpg',39),(40,1,103,'中国音乐学院','40.jpg',40),(41,1,103,'中央美术学院','41.jpg',41),(42,1,103,'中央戏剧学院','42.jpg',42),(43,1,103,'中国戏曲学院','43.jpg',43),(44,1,103,'北京电影学院','44.jpg',44),(45,1,103,'北京舞蹈学院','45.jpg',45),(46,1,103,'中央民族大学','46.jpg',46),(47,1,103,'中国政法大学','47.jpg',47),(48,2,125,'南开大学','48.jpg',48),(49,2,125,'天津大学','49.jpg',49),(50,2,125,'天津科技大学','50.jpg',50),(51,2,125,'天津工业大学','51.jpg',51),(52,2,125,'中国民航大学','52.jpg',52),(53,2,125,'天津理工大学','53.jpg',53),(54,2,125,'天津农学院','54.jpg',54),(55,2,125,'天津医科大学','55.jpg',55),(56,2,125,'天津中医药大学','56.jpg',56),(57,2,125,'天津师范大学','57.jpg',57),(58,2,125,'天津职业技术师范大学',NULL,58),(59,2,125,'天津外国语大学','59.jpg',59),(60,2,125,'天津商业大学','60.jpg',60),(61,2,125,'天津财经大学',NULL,61),(62,2,125,'天津体育学院',NULL,62),(63,2,125,'天津音乐学院',NULL,63),(64,2,125,'天津美术学院','64.jpg',64),(65,3,269,'河北大学','65.jpg',65),(66,3,24,'河北工程大学','66.jpg',66),(67,3,293,'石家庄经济学院','67.jpg',67),(68,16,15,'华北水利水电学院','68.jpg',68),(69,3,269,'华北电力大学(保定)','69.jpg',69),(70,2,125,'河北工业大学','70.jpg',70),(71,3,175,'河北联合大学','71.jpg',71),(72,3,293,'河北科技大学','72.jpg',72),(73,3,309,'河北建筑工程学院',NULL,73),(74,3,118,'河北工程技术高等专科学校',NULL,74),(75,3,269,'河北农业大学','75.jpg',75),(76,3,293,'河北医科大学','76.jpg',76),(77,3,309,'河北北方学院','78.jpg',78),(78,3,162,'承德医学院',NULL,79),(79,3,293,'河北师范大学','80.jpg',80),(80,3,269,'保定学院','81.jpg',81),(81,3,162,'河北民族师范学院','82.jpg',82),(82,3,175,'唐山师范学院',NULL,83),(83,3,92,'廊坊师范学院',NULL,84),(84,3,18,'衡水学院','85.jpg',85),(85,3,293,'石家庄学院','86.jpg',86),(86,3,24,'邯郸学院','87.jpg',87),(87,3,318,'邢台学院','88.jpg',88),(88,3,118,'沧州师范学院','89.jpg',89),(89,3,293,'石家庄铁道大学','90.jpg',90),(90,4,262,'山西大学','91.jpg',91),(91,4,262,'太原科技大学','92.jpg',92),(92,4,262,'中北大学','93.jpg',93),(93,4,262,'太原理工大学','94.jpg',94),(94,4,240,'山西农业大学','95.jpg',95),(95,4,262,'山西医科大学','96.jpg',96),(96,4,270,'长治医学院','98.jpg',98),(97,4,185,'山西师范大学',NULL,99),(98,4,262,'太原师范学院','100.jpg',100),(99,4,108,'山西大同大学','101.jpg',101),(100,4,232,'晋中学院','102.jpg',102),(101,4,270,'长治学院','103.jpg',103),(102,4,35,'运城学院','104.jpg',104),(103,4,264,'忻州师范学院','105.jpg',105),(104,4,262,'山西财经大学','106.jpg',106),(105,5,306,'内蒙古大学','107.jpg',107),(106,5,273,'内蒙古科技大学','108.jpg',108),(107,5,306,'内蒙古工业大学','109.jpg',109),(108,5,306,'内蒙古农业大学','110.jpg',110),(109,5,306,'内蒙古医学院','111.jpg',111),(110,5,306,'内蒙古师范大学','112.jpg',112),(111,5,22,'内蒙古民族大学','113.jpg',113),(112,5,201,'赤峰学院',NULL,114),(113,5,306,'内蒙古财经学院','115.jpg',115),(114,6,245,'辽宁大学','116.jpg',116),(115,6,5,'大连理工大学','117.jpg',117),(116,6,245,'沈阳工业大学','118.jpg',118),(117,6,245,'沈阳航空航天大学','119.jpg',119),(118,6,245,'沈阳理工大学','120.jpg',120),(119,6,245,'东北大学','121.jpg',121),(120,6,146,'辽宁科技大学','122.jpg',122),(121,6,242,'辽宁工程技术大学','123.jpg',123),(122,6,112,'辽宁石油化工大学','124.jpg',124),(123,6,245,'沈阳化工大学','125.jpg',125),(124,6,317,'大连交通大学','126.jpg',126),(125,6,5,'大连海事大学','127.jpg',127),(126,6,5,'大连工业大学','128.jpg',128),(127,6,245,'沈阳建筑大学','129.jpg',129),(128,6,193,'辽宁工业大学','130.jpg',130),(129,6,245,'沈阳农业大学','131.jpg',131),(130,6,317,'大连海洋大学','132.jpg',132),(131,6,245,'中国医科大学','133.jpg',133),(132,6,193,'辽宁医学院','134.jpg',134),(133,6,5,'大连医科大学','135.jpg',135),(134,6,245,'辽宁中医药大学','136.jpg',136),(135,6,245,'沈阳药科大学','137.jpg',137),(136,6,245,'沈阳医学院','138.jpg',138),(137,6,5,'辽宁师范大学','139.jpg',139),(138,6,245,'沈阳师范大学','140.jpg',140),(139,6,193,'渤海大学','141.jpg',141),(140,6,146,'鞍山师范学院','142.jpg',142),(141,6,77,'朝阳师范高等专科学校','143.jpg',143),(142,6,5,'大连外国语学院','144.jpg',144),(143,6,317,'东北财经大学','145.jpg',145),(144,6,245,'中国刑事警察学院','146.jpg',146),(145,6,245,'沈阳体育学院','147.jpg',147),(146,6,245,'沈阳音乐学院','148.jpg',148),(147,6,245,'鲁迅美术学院','149.jpg',149),(148,6,112,'抚顺师范高等专科学校','150.jpg',150),(149,6,193,'锦州师范高等专科学校','151.jpg',151),(150,6,287,'营口职业技术学院','152.jpg',152),(151,6,177,'铁岭师范高等专科学校','153.jpg',153),(152,7,66,'吉林大学','154.jpg',154),(153,7,27,'延边大学','155.jpg',155),(154,7,66,'长春理工大学','156.jpg',156),(155,7,170,'东北电力大学','157.jpg',157),(156,7,181,'长春工业大学','158.jpg',158),(157,7,66,'吉林建筑工程学院','159.jpg',159),(158,7,162,'吉林化工学院','160.jpg',160),(159,7,66,'吉林农业大学','161.jpg',161),(160,7,66,'长春中医药大学','162.jpg',162),(161,7,66,'东北师范大学','163.jpg',163),(162,7,170,'北华大学','164.jpg',164),(163,7,83,'通化师范学院','165.jpg',165),(164,7,152,'吉林师范大学','166.jpg',166),(165,7,66,'吉林工程技术师范学院','167.jpg',167),(166,7,66,'长春师范学院','168.jpg',168),(167,7,2,'白城师范学院','169.jpg',169),(168,7,66,'吉林财经大学','170.jpg',170),(169,7,66,'吉林体育学院','171.jpg',171),(170,7,66,'吉林艺术学院','172.jpg',172),(171,8,40,'黑龙江大学','173.jpg',173),(172,8,40,'哈尔滨工业大学','174.jpg',174),(173,8,40,'哈尔滨理工大学','175.jpg',175),(174,3,117,'燕山大学','176.jpg',176),(175,8,40,'哈尔滨工程大学','177.jpg',177),(176,8,40,'黑龙江科技学院','178.jpg',178),(177,8,74,'东北石油大学','179.jpg',179),(178,8,78,'佳木斯大学','180.jpg',180),(179,8,74,'黑龙江八一农垦大学','181.jpg',181),(180,8,40,'东北农业大学','182.jpg',182),(181,8,40,'东北林业大学','183.jpg',183),(182,8,40,'哈尔滨医科大学','184.jpg',184),(183,8,40,'黑龙江中医药大学','185.jpg',185),(184,8,303,'牡丹江医学院','186.jpg',186),(185,8,40,'哈尔滨师范大学','187.jpg',187),(186,8,57,'齐齐哈尔大学','188.jpg',188),(187,8,303,'牡丹江师范学院','189.jpg',189),(188,8,40,'哈尔滨学院','190.jpg',190),(189,8,74,'大庆师范学院','191.jpg',191),(190,8,251,'绥化学院','192.jpg',192),(191,8,57,'齐齐哈尔高等师范专科学校','193.jpg',193),(192,8,40,'哈尔滨商业大学','194.jpg',194),(193,8,40,'哈尔滨体育学院','195.jpg',195),(194,8,40,'哈尔滨金融学院','196.jpg',196),(195,9,145,'复旦大学','197.jpg',197),(196,9,145,'同济大学','198.jpg',198),(197,9,145,'上海交通大学','199.jpg',199),(198,9,145,'华东理工大学','200.jpg',200),(199,9,145,'上海理工大学','201.jpg',201),(200,9,145,'上海海事大学','202.jpg',202),(201,9,145,'东华大学','203.jpg',203),(202,9,145,'上海电力学院','204.jpg',204),(203,9,145,'上海应用技术学院','205.jpg',205),(204,9,145,'上海医疗器械高等专科学校','206.jpg',206),(205,9,145,'上海海洋大学','207.jpg',207),(206,9,145,'上海交通大学医学院','208.jpg',208),(207,9,145,'上海中医药大学','209.jpg',209),(208,9,145,'华东师范大学','210.jpg',210),(209,9,145,'上海师范大学','211.jpg',211),(210,9,145,'上海外国语大学','212.jpg',212),(211,9,145,'上海财经大学','213.jpg',213),(212,9,145,'上海对外贸易学院','214.jpg',214),(213,9,145,'上海海关学院','215.jpg',215),(214,9,145,'上海旅游高等专科学校','216.jpg',216),(215,9,145,'华东政法大学','217.jpg',217),(216,9,145,'上海体育学院','218.jpg',218),(217,9,145,'上海音乐学院','219.jpg',219),(218,9,145,'上海戏剧学院','220.jpg',220),(219,9,145,'上海大学','221.jpg',221),(220,9,145,'上海公安高等专科学校','222.jpg',222),(221,10,160,'南京大学','223.jpg',223),(222,10,59,'苏州大学','224.jpg',224),(223,10,160,'东南大学','225.jpg',225),(224,10,160,'南京航空航天大学','226.jpg',226),(225,10,160,'南京理工大学','227.jpg',227),(226,10,180,'江苏科技大学','228.jpg',228),(227,10,204,'中国矿业大学','229.jpg',229),(228,10,160,'南京工业大学','230.jpg',230),(229,10,32,'常州大学','231.jpg',231),(230,10,160,'南京邮电大学','232.jpg',232),(231,10,160,'河海大学','233.jpg',233),(232,10,96,'江南大学','234.jpg',234),(233,10,160,'南京林业大学','235.jpg',235),(234,10,180,'江苏大学','236.jpg',236),(235,10,160,'南京信息工程大学','237.jpg',237),(236,10,119,'南通大学','239.jpg',239),(237,10,215,'盐城工学院','240.jpg',240),(238,10,160,'南京农业大学','241.jpg',241),(239,10,160,'南京医科大学','242.jpg',242),(240,10,204,'徐州医学院','243.jpg',243),(241,10,160,'南京中医药大学','244.jpg',244),(242,10,160,'中国药科大学','245.jpg',245),(243,10,160,'南京师范大学','246.jpg',246),(244,10,204,'徐州师范大学','247.jpg',247),(245,10,36,'淮阴师范学院','248.jpg',248),(246,10,215,'盐城师范学院','249.jpg',249),(247,10,160,'南京财经大学','250.jpg',250),(248,10,160,'江苏警官学院','251.jpg',251),(249,10,160,'南京体育学院','252.jpg',252),(250,10,160,'南京艺术学院','253.jpg',253),(251,10,59,'苏州科技学院','254.jpg',254),(252,10,255,'常熟理工学院','255.jpg',255),(253,11,101,'浙江大学','256.jpg',256),(254,11,101,'杭州电子科技大学','257.jpg',257),(255,11,101,'浙江工业大学','258.jpg',258),(256,11,101,'浙江理工大学','259.jpg',259),(257,11,69,'浙江海洋学院','260.jpg',260),(258,11,101,'浙江农林大学','261.jpg',261),(259,11,235,'温州医学院','262.jpg',262),(260,11,101,'浙江中医药大学','263.jpg',263),(261,11,327,'浙江师范大学','264.jpg',264),(262,11,101,'杭州师范大学','265.jpg',265),(263,11,208,'湖州师范学院','266.jpg',266),(264,11,274,'绍兴文理学院','267.jpg',267),(265,11,221,'台州学院','268.jpg',268),(266,11,235,'温州大学','269.jpg',269),(267,11,288,'丽水学院','270.jpg',270),(268,11,101,'浙江工商大学','271.jpg',271),(269,11,322,'嘉兴学院','272.jpg',272),(270,11,101,'中国美术学院','273.jpg',273),(271,11,101,'中国计量学院','274.jpg',274),(272,12,296,'安徽大学','275.jpg',275),(273,12,296,'中国科学技术大学','276.jpg',276),(274,12,296,'合肥工业大学','277.jpg',277),(275,12,189,'安徽工业大学','278.jpg',278),(276,12,260,'安徽理工大学','279.jpg',279),(277,12,120,'安徽工程大学','280.jpg',280),(278,12,296,'安徽农业大学','281.jpg',281),(279,12,296,'安徽医科大学','282.jpg',282),(280,12,133,'蚌埠医学院','283.jpg',283),(281,12,120,'皖南医学院','284.jpg',284),(282,12,296,'安徽中医学院','285.jpg',285),(283,12,120,'安徽师范大学','286.jpg',286),(284,12,135,'阜阳师范学院','287.jpg',287),(285,12,341,'安庆师范学院','288.jpg',288),(286,12,212,'淮北师范大学','289.jpg',289),(287,12,328,'黄山学院','291.jpg',291),(288,12,154,'皖西学院','292.jpg',292),(289,12,265,'滁州学院','293.jpg',293),(290,12,133,'安徽财经大学','294.jpg',294),(291,12,144,'宿州学院','295.jpg',295),(292,12,116,'巢湖学院','296.jpg',296),(293,12,260,'淮南师范学院','297.jpg',297),(294,12,149,'铜陵学院','298.jpg',298),(295,13,281,'厦门大学','299.jpg',299),(296,13,173,'华侨大学','300.jpg',300),(297,13,256,'福州大学','301.jpg',301),(298,13,256,'福建工程学院','302.jpg',302),(299,13,256,'福建农林大学','303.jpg',303),(300,13,281,'集美大学','304.jpg',304),(301,13,256,'福建医科大学','305.jpg',305),(302,13,256,'福建中医药大学','306.jpg',306),(303,13,256,'福建师范大学','307.jpg',307),(304,13,256,'闽江学院','308.jpg',308),(305,13,295,'武夷学院','309.jpg',309),(306,13,114,'宁德师范学院','310.jpg',310),(307,13,173,'泉州师范学院','311.jpg',311),(308,13,123,'漳州师范学院','313.jpg',313),(309,14,166,'南昌大学','314.jpg',314),(310,14,166,'华东交通大学','315.jpg',315),(311,14,166,'东华理工大学','316.jpg',316),(312,14,166,'南昌航空大学','317.jpg',317),(313,14,11,'江西理工大学','318.jpg',318),(314,14,136,'景德镇陶瓷学院','319.jpg',319),(315,14,166,'江西农业大学','320.jpg',320),(316,14,166,'江西中医学院','322.jpg',322),(317,14,11,'赣南医学院','323.jpg',323),(318,14,166,'江西师范大学','324.jpg',324),(319,14,171,'上饶师范学院','325.jpg',325),(320,14,184,'宜春学院','326.jpg',326),(321,14,11,'赣南师范学院','327.jpg',327),(322,14,209,'井冈山大学','328.jpg',328),(323,14,166,'江西财经大学','329.jpg',329),(324,15,61,'山东大学','330.jpg',330),(325,15,121,'中国海洋大学','331.jpg',331),(326,15,121,'山东科技大学','332.jpg',332),(327,15,121,'青岛科技大学','333.jpg',333),(328,15,61,'济南大学','334.jpg',334),(329,15,121,'青岛理工大学','335.jpg',335),(330,15,61,'山东建筑大学','336.jpg',336),(331,15,61,'山东轻工业学院','337.jpg',337),(332,15,284,'山东理工大学','338.jpg',338),(333,15,257,'山东农业大学','339.jpg',339),(334,15,121,'青岛农业大学','340.jpg',340),(335,15,206,'潍坊医学院','341.jpg',341),(336,15,257,'泰山医学院','342.jpg',342),(337,15,203,'滨州医学院','343.jpg',343),(338,15,61,'山东中医药大学','344.jpg',344),(339,15,229,'山东医学高等专科学校','345.jpg',345),(340,15,182,'济宁医学院','346.jpg',346),(341,15,132,'菏泽医学专科学校','347.jpg',347),(342,15,61,'山东师范大学','348.jpg',348),(343,15,289,'曲阜师范大学','349.jpg',349),(344,15,275,'聊城大学','350.jpg',350),(345,15,320,'德州学院','351.jpg',351),(346,15,1,'滨州学院','352.jpg',352),(347,15,203,'鲁东大学','353.jpg',353),(348,15,229,'临沂大学','354.jpg',354),(349,15,257,'泰山学院','355.jpg',355),(350,15,182,'济宁学院','356.jpg',356),(351,15,132,'菏泽学院','357.jpg',357),(352,15,61,'山东经济学院','358.jpg',358),(353,15,61,'山东体育学院','359.jpg',359),(354,15,61,'山东艺术学院','360.jpg',360),(355,16,15,'郑州大学','361.jpg',361),(356,16,300,'河南理工大学','362.jpg',362),(357,16,15,'郑州轻工业学院','363.jpg',363),(358,16,15,'河南工业大学','364.jpg',364),(359,16,76,'河南科技大学','365.jpg',365),(360,16,15,'中原工学院','366.jpg',366),(361,16,15,'河南农业大学','367.jpg',367),(362,16,41,'河南科技学院','368.jpg',368),(363,16,15,'郑州牧业工程高等专科学校','369.jpg',369),(364,16,15,'河南中医学院','370.jpg',370),(365,16,41,'新乡医学院','371.jpg',371),(366,16,88,'河南大学','372.jpg',372),(367,16,41,'河南师范大学','373.jpg',373),(368,16,199,'信阳师范学院','374.jpg',374),(369,16,225,'周口师范学院','375.jpg',375),(370,16,243,'安阳师范学院','376.jpg',376),(371,16,219,'许昌学院','377.jpg',377),(372,16,202,'南阳师范学院','378.jpg',378),(373,16,76,'洛阳师范学院','379.jpg',379),(374,16,72,'商丘师范学院','380.jpg',380),(375,16,15,'河南财经政法大学','381.jpg',381),(376,16,15,'郑州航空工业管理学院','382.jpg',382),(377,17,48,'武汉大学','383.jpg',383),(378,17,48,'华中科技大学','384.jpg',384),(379,17,48,'武汉科技大学','385.jpg',385),(380,17,113,'长江大学','386.jpg',386),(381,17,48,'武汉工程大学','387.jpg',387),(382,17,48,'中国地质大学(武汉)','388.jpg',388),(383,17,48,'武汉纺织大学','389.jpg',389),(384,17,48,'武汉工业学院','390.jpg',390),(385,17,48,'武汉理工大学','391.jpg',391),(386,17,48,'湖北工业大学','392.jpg',392),(387,17,48,'华中农业大学','393.jpg',393),(388,17,48,'湖北中医药大学','394.jpg',394),(389,17,48,'华中师范大学','395.jpg',395),(390,17,48,'湖北大学','396.jpg',396),(391,17,305,'湖北师范学院','397.jpg',397),(392,17,140,'黄冈师范学院','398.jpg',398),(393,17,100,'湖北民族学院','399.jpg',399),(394,17,82,'郧阳师范高等专科学校','400.jpg',400),(395,17,39,'襄樊学院','401.jpg',401),(396,17,48,'中南财经政法大学','402.jpg',402),(397,17,48,'武汉体育学院','403.jpg',403),(398,17,48,'湖北美术学院','404.jpg',404),(399,17,48,'中南民族大学','405.jpg',405),(400,17,310,'湖北汽车工业学院','406.jpg',406),(401,17,340,'孝感学院','407.jpg',407),(402,18,156,'湘潭大学','408.jpg',408),(403,18,279,'吉首大学','409.jpg',409),(404,18,234,'湖南大学','410.jpg',410),(405,18,234,'中南大学','411.jpg',411),(406,18,156,'湖南科技大学','412.jpg',412),(407,18,234,'长沙理工大学','413.jpg',413),(408,18,234,'湖南农业大学','414.jpg',414),(409,18,234,'中南林业科技大学','415.jpg',415),(410,18,234,'湖南中医药大学',NULL,416),(411,18,234,'湖南师范大学','417.jpg',417),(412,18,330,'湖南理工学院','418.jpg',418),(413,18,64,'湘南学院','419.jpg',419),(414,18,237,'衡阳师范学院',NULL,420),(415,18,84,'邵阳学院','421.jpg',421),(416,18,217,'怀化学院','422.jpg',422),(417,18,316,'湖南文理学院','423.jpg',423),(418,18,148,'湖南科技学院','424.jpg',424),(419,18,46,'湖南人文科技学院','425.jpg',425),(420,18,234,'湖南商学院','426.jpg',426),(421,18,237,'南华大学','427.jpg',427),(422,19,58,'中山大学','428.jpg',428),(423,19,58,'暨南大学','429.jpg',429),(424,19,247,'汕头大学','430.jpg',430),(425,19,58,'华南理工大学','431.jpg',431),(426,19,58,'华南农业大学','432.jpg',432),(427,19,147,'广东海洋大学','434.jpg',434),(428,19,58,'广州医学院','435.jpg',435),(429,19,147,'广东医学院','436.jpg',436),(430,19,58,'广州中医药大学','437.jpg',437),(431,19,58,'广东药学院','438.jpg',438),(432,19,58,'华南师范大学','439.jpg',439),(433,19,253,'韶关学院','440.jpg',440),(434,19,71,'惠州学院','441.jpg',441),(435,19,26,'韩山师范学院','442.jpg',442),(436,19,147,'湛江师范学院','443.jpg',443),(437,19,111,'肇庆学院','444.jpg',444),(438,19,159,'嘉应学院','445.jpg',445),(439,19,58,'广州体育学院',NULL,446),(440,19,58,'广州美术学院','447.jpg',447),(441,19,58,'星海音乐学院','448.jpg',448),(442,19,58,'广东技术师范学院','449.jpg',449),(443,21,333,'海南大学','450.jpg',450),(444,19,23,'深圳大学','451.jpg',451),(445,19,58,'广东商学院','452.jpg',452),(446,20,339,'广西大学','453.jpg',453),(447,20,323,'广西工学院','454.jpg',454),(448,20,161,'桂林电子科技大学','455.jpg',455),(449,20,161,'桂林理工大学','456.jpg',456),(450,20,339,'广西医科大学','457.jpg',457),(451,20,99,'右江民族医学院','458.jpg',458),(452,20,339,'广西中医学院',NULL,459),(453,20,161,'桂林医学院','460.jpg',460),(454,20,161,'广西师范大学','461.jpg',461),(455,20,339,'广西师范学院',NULL,462),(456,20,272,'广西民族师范学院','463.jpg',463),(457,20,326,'河池学院','464.jpg',464),(458,20,90,'玉林师范学院','465.jpg',465),(459,20,339,'广西艺术学院','466.jpg',466),(460,20,339,'广西民族大学','467.jpg',467),(461,20,122,'百色学院','468.jpg',468),(462,23,261,'四川大学','469.jpg',469),(463,22,299,'重庆大学','470.jpg',470),(464,23,261,'西南交通大学','471.jpg',471),(465,23,261,'电子科技大学','472.jpg',472),(466,23,261,'西南石油大学','473.jpg',473),(467,23,261,'成都理工大学','474.jpg',474),(468,22,299,'重庆邮电大学','475.jpg',475),(469,22,299,'重庆交通大学','476.jpg',476),(470,23,223,'西南科技大学','477.jpg',477),(471,23,261,'成都信息工程学院','478.jpg',478),(472,23,104,'四川理工学院','479.jpg',479),(473,23,261,'西华大学','480.jpg',480),(474,23,131,'中国民用航空飞行学院','481.jpg',481),(475,23,19,'四川农业大学','483.jpg',483),(476,23,107,'西昌学院','484.jpg',484),(477,22,299,'重庆医科大学','485.jpg',485),(478,23,126,'泸州医学院','486.jpg',486),(479,23,261,'成都中医药大学','487.jpg',487),(480,23,332,'川北医学院','488.jpg',488),(481,22,299,'西南大学','489.jpg',489),(482,23,261,'四川师范大学','490.jpg',490),(483,22,299,'重庆师范大学','491.jpg',491),(484,23,332,'西华师范大学','492.jpg',492),(485,23,223,'绵阳师范学院',NULL,493),(486,23,65,'内江师范学院','494.jpg',494),(487,23,94,'宜宾学院','495.jpg',495),(488,22,299,'重庆文理学院','496.jpg',496),(489,22,299,'重庆三峡学院','497.jpg',497),(490,23,137,'四川文理学院','498.jpg',498),(491,23,13,'阿坝师范高等专科学校',NULL,499),(492,22,299,'长江师范学院','500.jpg',500),(493,23,196,'乐山师范学院','501.jpg',501),(494,22,299,'四川外语学院','502.jpg',502),(495,23,261,'西南财经大学','503.jpg',503),(496,22,299,'西南政法大学','504.jpg',504),(497,23,261,'成都体育学院','505.jpg',505),(498,23,261,'四川音乐学院','506.jpg',506),(499,22,299,'四川美术学院','507.jpg',507),(500,23,261,'西南民族大学','508.jpg',508),(501,24,8,'贵州大学','509.jpg',509),(502,24,8,'贵阳医学院','510.jpg',510),(503,24,241,'遵义医学院','511.jpg',511),(504,24,8,'贵阳中医学院','512.jpg',512),(505,24,8,'贵州师范大学','513.jpg',513),(506,24,241,'遵义师范学院','514.jpg',514),(507,24,81,'铜仁学院','515.jpg',515),(508,24,89,'兴义民族师范学院','516.jpg',516),(509,24,190,'安顺学院','517.jpg',517),(510,24,129,'毕节学院','518.jpg',518),(511,24,301,'凯里学院','519.jpg',519),(512,24,67,'黔南民族师范学院','520.jpg',520),(513,24,8,'贵州财经学院','521.jpg',521),(514,24,8,'贵州民族学院','522.jpg',522),(515,25,75,'云南大学','523.jpg',523),(516,25,75,'昆明理工大学','524.jpg',524),(517,25,75,'云南农业大学','525.jpg',525),(518,25,75,'西南林业大学','526.jpg',526),(519,25,75,'昆明医学院','527.jpg',527),(520,25,138,'大理学院','528.jpg',528),(521,25,75,'云南中医学院','529.jpg',529),(522,25,75,'云南师范大学','530.jpg',530),(523,25,14,'昭通师范高等专科学校','532.jpg',532),(524,25,343,'曲靖师范学院','533.jpg',533),(525,25,195,'思茅师范高等专科学校','534.jpg',534),(526,25,226,'保山学院','535.jpg',535),(527,25,80,'红河学院','536.jpg',536),(528,25,75,'云南财经大学','537.jpg',537),(529,25,75,'云南艺术学院','538.jpg',538),(530,25,75,'云南民族大学','539.jpg',539),(531,26,268,'西藏警官高等专科学校','540.jpg',540),(532,26,268,'西藏大学','542.jpg',542),(533,27,163,'西藏民族学院','543.jpg',543),(534,26,268,'西藏藏医学院','544.jpg',544),(535,27,43,'西北大学','545.jpg',545),(536,27,43,'西安交通大学','546.jpg',546),(537,27,43,'西北工业大学','547.jpg',547),(538,27,43,'西安理工大学','548.jpg',548),(539,27,43,'西安电子科技大学','549.jpg',549),(540,27,43,'西安工业大学','550.jpg',550),(541,27,43,'西安建筑科技大学','551.jpg',551),(542,27,43,'西安科技大学','552.jpg',552),(543,27,43,'西安石油大学','553.jpg',553),(544,27,43,'陕西科技大学','554.jpg',554),(545,27,43,'西安工程大学','555.jpg',555),(546,27,43,'长安大学','556.jpg',556),(547,27,115,'西北农林科技大学','557.jpg',557),(548,27,43,'陕西中医学院','559.jpg',559),(549,27,43,'陕西师范大学','560.jpg',560),(550,27,181,'延安大学','561.jpg',561),(551,27,17,'陕西理工学院','562.jpg',562),(552,27,224,'宝鸡文理学院','563.jpg',563),(553,27,163,'咸阳师范学院','564.jpg',564),(554,27,77,'渭南师范学院','565.jpg',565),(555,27,43,'西安外国语大学','566.jpg',566),(556,27,43,'西北政法大学','567.jpg',567),(557,27,43,'西安体育学院','568.jpg',568),(558,27,43,'西安音乐学院','569.jpg',569),(559,27,43,'西安美术学院','570.jpg',570),(560,28,246,'兰州大学','571.jpg',571),(561,28,246,'兰州理工大学','572.jpg',572),(562,28,246,'兰州交通大学','573.jpg',573),(563,28,246,'甘肃农业大学','574.jpg',574),(564,28,246,'甘肃中医学院','575.jpg',575),(565,28,246,'西北师范大学','576.jpg',576),(566,28,246,'兰州城市学院','577.jpg',577),(567,28,157,'陇东学院','578.jpg',578),(568,28,44,'天水师范学院',NULL,579),(569,28,311,'河西学院','580.jpg',580),(570,28,246,'兰州商学院','581.jpg',581),(571,28,246,'西北民族大学','582.jpg',582),(572,29,236,'青海大学','583.jpg',583),(573,29,236,'青海师范大学','584.jpg',584),(574,29,236,'青海民族大学','586.jpg',586),(575,30,313,'宁夏大学','587.jpg',587),(576,30,313,'宁夏医科大学','588.jpg',588),(577,30,53,'宁夏师范学院','589.jpg',589),(578,31,211,'新疆大学','590.jpg',590),(579,31,153,'塔里木大学','591.jpg',591),(580,31,211,'新疆农业大学','592.jpg',592),(581,31,54,'石河子大学','593.jpg',593),(582,31,211,'新疆医科大学','594.jpg',594),(583,31,211,'新疆师范大学','595.jpg',595),(584,31,127,'喀什师范学院','596.jpg',596),(585,31,62,'伊犁师范学院','597.jpg',597),(586,31,7,'和田师范专科学校','598.jpg',598),(587,31,211,'新疆财经大学','599.jpg',599),(588,31,211,'新疆艺术学院','601.jpg',601),(589,2,125,'天津城市建设学院','603.jpg',603),(590,3,117,'河北科技师范学院','604.jpg',604),(591,4,262,'太原电力高等专科学校','605.jpg',605),(592,4,262,'山西中医学院','606.jpg',606),(593,4,283,'吕梁学院','607.jpg',607),(594,5,143,'呼伦贝尔学院',NULL,608),(595,19,58,'广东白云学院','609.jpg',609),(596,18,234,'长沙医学院',NULL,610),(597,16,15,'河南职业技术学院','611.jpg',611),(598,15,284,'山东万杰医学院','612.jpg',612),(599,10,215,'民办明达职业技术学院','613.jpg',613),(600,18,234,'长沙民政职业技术学院',NULL,614),(601,27,163,'陕西工业职业技术学院','615.jpg',615),(602,11,42,'公安海警学院','616.jpg',616),(603,18,234,'湖南工业职业技术学院','617.jpg',617),(604,19,68,'顺德职业技术学院','618.jpg',618),(605,15,61,'山东商业职业技术学院','619.jpg',619),(606,19,58,'广东轻工职业技术学院','620.jpg',620),(607,17,48,'武汉职业技术学院','621.jpg',621),(608,16,139,'漯河职业技术学院','622.jpg',622),(609,28,246,'兰州石化职业技术学院','625.jpg',625),(610,14,166,'江西工业职业技术学院','626.jpg',626),(611,6,5,'辽宁对外经贸学院','627.jpg',627),(612,16,307,'三门峡职业技术学院','628.jpg',628),(613,16,15,'郑州铁路职业技术学院','629.jpg',629),(614,6,5,'大连职业技术学院','630.jpg',630),(615,14,166,'江西蓝天学院','631.jpg',631),(616,7,95,'辽源职业技术学院','632.jpg',632),(617,10,96,'无锡职业技术学院','633.jpg',633),(618,10,204,'江苏建筑职业技术学院','634.jpg',634),(619,10,160,'南京工业职业技术学院','635.jpg',635),(620,9,145,'上海东海职业技术学院','636.jpg',636),(621,9,145,'上海新侨职业技术学院','637.jpg',637),(622,1,103,'北京工业职业技术学院',NULL,638),(623,9,145,'上海工程技术大学','639.jpg',639),(624,1,103,'北京信息职业技术学院',NULL,640),(625,1,103,'北京电子科技职业学院','641.jpg',641),(626,2,125,'天津天狮学院','642.jpg',642),(627,19,58,'广东交通职业技术学院','644.jpg',644),(628,19,58,'广东水利电力职业技术学院',NULL,645),(629,11,42,'宁波职业技术学院','646.jpg',646),(630,11,235,'温州职业技术学院','647.jpg',647),(631,18,234,'湖南信息职业技术学院','648.jpg',648),(632,13,256,'福建交通职业技术学院','649.jpg',649),(633,20,339,'广西机电职业技术学院','650.jpg',650),(634,15,121,'青岛滨海学院','651.jpg',651),(635,12,296,'安徽职业技术学院','652.jpg',652),(636,22,299,'重庆航天职业技术学院','653.jpg',653),(637,5,306,'内蒙古建筑职业技术学院',NULL,654),(638,8,155,'伊春职业学院','655.jpg',655),(639,3,293,'河北工业职业技术学院','656.jpg',656),(640,11,42,'浙江万里学院','657.jpg',657),(641,12,296,'安徽建筑工业学院','658.jpg',658),(642,12,312,'安徽科技学院','659.jpg',659),(643,14,171,'江西医学院上饶分院','660.jpg',660),(644,14,136,'景德镇高等专科学校','661.jpg',661),(645,14,335,'萍乡高等专科学校','662.jpg',662),(646,15,298,'枣庄学院','663.jpg',663),(647,15,61,'山东工艺美术学院','664.jpg',664),(648,16,304,'黄淮学院','666.jpg',666),(649,16,321,'平顶山学院','667.jpg',667),(650,17,305,'黄石理工学院','668.jpg',668),(651,17,167,'咸宁学院','669.jpg',669),(652,17,310,'湖北医药学院','670.jpg',670),(653,17,140,'黄冈职业技术学院','672.jpg',672),(654,17,48,'长江职业学院',NULL,673),(655,6,287,'辽宁农业职业技术学院','674.jpg',674),(656,10,119,'南通纺织职业技术学院','675.jpg',675),(657,12,296,'安徽三联学院','676.jpg',676),(658,10,59,'苏州工艺美术职业技术学院','677.jpg',677),(659,12,212,'淮北职业技术学院','678.jpg',678),(660,7,66,'吉林华桥外国语学院','679.jpg',679),(661,19,56,'潮汕职业技术学院','680.jpg',680),(662,27,115,'杨凌职业技术学院','681.jpg',681),(663,24,8,'贵阳学院','682.jpg',682),(664,24,336,'六盘水师范学院','683.jpg',683),(665,31,211,'新疆工业高等专科学校','684.jpg',684),(666,31,325,'新疆农业职业技术学院','685.jpg',685),(667,31,325,'昌吉学院','686.jpg',686),(668,2,125,'天津职业大学','687.jpg',687),(669,3,175,'唐山学院','688.jpg',688),(670,3,24,'邯郸职业技术学院','689.jpg',689),(671,6,245,'沈阳大学','690.jpg',690),(672,6,112,'抚顺职业技术学院','692.jpg',692),(673,7,152,'四平职业大学','693.jpg',693),(674,8,303,'牡丹江大学','694.jpg',694),(675,9,145,'上海立信会计学院','695.jpg',695),(676,10,36,'淮阴工学院','697.jpg',697),(677,10,158,'连云港职业技术学院','698.jpg',698),(678,10,180,'镇江市高等专科学校','699.jpg',699),(679,10,119,'南通职业大学','700.jpg',700),(680,10,59,'苏州职业大学','702.jpg',702),(681,10,32,'常州工学院','703.jpg',703),(682,11,101,'浙江科技学院','704.jpg',704),(683,11,42,'宁波工程学院','705.jpg',705),(684,12,296,'合肥学院','706.jpg',706),(685,12,120,'芜湖职业技术学院','707.jpg',707),(686,13,281,'厦门理工学院','708.jpg',708),(687,15,121,'青岛大学','709.jpg',709),(688,15,203,'烟台大学','710.jpg',710),(689,15,206,'潍坊学院','711.jpg',711),(690,16,15,'中州大学','712.jpg',712),(691,16,88,'开封大学','713.jpg',713),(692,16,76,'洛阳理工学院','714.jpg',714),(693,16,41,'新乡学院','715.jpg',715),(694,17,48,'江汉大学','716.jpg',716),(695,17,113,'荆州理工职业学院','717.jpg',717),(696,17,191,'三峡大学','718.jpg',718),(697,18,234,'长沙学院','719.jpg',719),(698,19,58,'广州大学','720.jpg',720),(699,23,261,'成都学院','721.jpg',721),(700,27,43,'西安文理学院','722.jpg',722),(701,1,103,'北京科技大学延庆分校','724.jpg',724),(702,1,103,'北京京北职业技术学院','725.jpg',725),(703,1,103,'北京交通职业技术学院','726.jpg',726),(704,1,103,'首都经济贸易大学密云分校','727.jpg',727),(705,1,103,'北京工业大学通州分校','728.jpg',728),(706,21,12,'琼州学院','729.jpg',729),(707,3,103,'华北科技学院','730.jpg',730),(708,3,92,'中国人民武装警察部队学院','731.jpg',731),(709,19,58,'广州航海高等专科学校','732.jpg',732),(710,19,58,'广东警官学院','733.jpg',733),(711,19,23,'深圳职业技术学院','734.jpg',734),(712,19,58,'民办南华工商学院','735.jpg',735),(713,23,261,'成都电子机械高等专科学校','736.jpg',736),(714,10,308,'扬州大学','737.jpg',737),(715,19,58,'私立华联学院',NULL,738),(716,10,160,'三江学院','739.jpg',739),(717,1,103,'中华女子学院','740.jpg',740),(718,8,57,'齐齐哈尔医学院','741.jpg',741),(719,1,103,'北京信息科技大学','742.jpg',742),(720,3,293,'河北体育学院','743.jpg',743),(721,3,293,'石家庄职业技术学院','744.jpg',744),(722,4,262,'太原大学','745.jpg',745),(723,6,250,'辽阳职业技术学院','748.jpg',748),(724,6,242,'阜新高等专科学校','749.jpg',749),(725,6,5,'大连大学','750.jpg',750),(726,7,66,'吉林工商学院','751.jpg',751),(727,10,160,'南京工程学院','754.jpg',754),(728,10,160,'南京审计学院','755.jpg',755),(729,10,178,'沙洲职业工学院','756.jpg',756),(730,12,133,'蚌埠学院','759.jpg',759),(731,12,3,'池州学院','760.jpg',760),(732,12,260,'淮南联合大学','761.jpg',761),(733,13,20,'三明学院','762.jpg',762),(734,13,254,'龙岩学院','763.jpg',763),(735,13,256,'福建商业高等专科学校','764.jpg',764),(736,13,123,'漳州职业技术学院','765.jpg',765),(737,13,254,'闽西职业技术学院','766.jpg',766),(738,13,173,'黎明职业大学','767.jpg',767),(739,14,166,'江西科技师范学院','768.jpg',768),(740,14,166,'南昌工程学院','769.jpg',769),(741,15,61,'山东警察学院','772.jpg',772),(742,16,199,'信阳农业高等专科学校','773.jpg',773),(743,16,41,'河南机电高等专科学校','774.jpg',774),(744,16,243,'安阳工学院','775.jpg',775),(745,17,48,'湖北警官学院','776.jpg',776),(746,17,310,'十堰职业技术学院','777.jpg',777),(747,17,285,'鄂州职业大学','778.jpg',778),(748,17,85,'荆楚理工学院','779.jpg',779),(749,18,156,'湖南工程学院','780.jpg',780),(750,19,58,'仲恺农业工程学院','781.jpg',781),(751,19,63,'五邑大学','782.jpg',782),(752,20,339,'广西体育高等专科学校','783.jpg',783),(753,20,34,'梧州学院','784.jpg',784),(754,20,339,'南宁职业技术学院','785.jpg',785),(755,23,292,'攀枝花学院','787.jpg',787),(756,25,314,'玉溪师范学院','788.jpg',788),(757,25,220,'楚雄师范学院','789.jpg',789),(758,25,75,'云南警官学院','790.jpg',790),(759,25,75,'昆明学院','791.jpg',791),(760,27,150,'榆林学院','792.jpg',792),(761,27,31,'商洛学院','793.jpg',793),(762,27,337,'安康学院','794.jpg',794),(763,27,43,'西安培华学院','795.jpg',795),(764,30,313,'北方民族大学','797.jpg',797),(765,1,103,'中国石油大学(北京)','798.jpg',798),(766,1,103,'北京联合大学','799.jpg',799),(767,1,103,'北京城市学院','800.jpg',800),(768,3,269,'河北金融学院','801.jpg',801),(769,3,309,'张家口职业技术学院','802.jpg',802),(770,5,315,'集宁师范学院','804.jpg',804),(771,5,306,'内蒙古丰州职业学院','805.jpg',805),(772,6,86,'辽宁科技学院','806.jpg',806),(773,6,5,'辽宁警官高等专科学校','807.jpg',807),(774,7,66,'长春汽车工业高等专科学校','808.jpg',808),(775,7,66,'长春工程学院','809.jpg',809),(776,7,170,'吉林农业科技学院','810.jpg',810),(777,7,66,'长春金融高等专科学校','811.jpg',811),(778,7,66,'吉林警察学院','812.jpg',812),(779,8,271,'鸡西大学','813.jpg',813),(780,8,40,'黑龙江东方学院','814.jpg',814),(781,8,40,'黑龙江工商职业技术学院','815.jpg',815),(782,9,145,'上海电机学院','816.jpg',816),(783,10,160,'南京晓庄学院','817.jpg',817),(784,10,308,'扬州市职业大学','818.jpg',818),(785,10,32,'江苏技术师范学院','819.jpg',819),(786,11,101,'浙江水利水电专科学校','820.jpg',820),(787,11,101,'浙江财经学院','821.jpg',821),(788,11,101,'浙江警察学院','822.jpg',822),(789,11,231,'衢州学院','823.jpg',823),(790,13,256,'福建警察学院','824.jpg',824),(791,13,4,'莆田学院','825.jpg',825),(792,13,256,'福建华南女子职业学院','826.jpg',826),(793,6,245,'辽宁交通高等专科学校','827.jpg',827),(794,13,256,'福州职业技术学院','828.jpg',828),(795,14,166,'江西警察学院','829.jpg',829),(796,14,28,'九江职业大学','830.jpg',830),(797,14,49,'新余学院','831.jpg',831),(798,15,61,'山东交通学院','833.jpg',833),(799,16,15,'河南工程学院','835.jpg',835),(800,16,300,'焦作大学','836.jpg',836),(801,17,48,'武汉音乐学院','837.jpg',837),(802,18,73,'湖南城市学院','838.jpg',838),(803,18,237,'湖南工学院','839.jpg',839),(804,18,234,'湖南财政经济学院','840.jpg',840),(805,18,234,'湖南警察学院','841.jpg',841),(806,18,134,'湖南工业大学','842.jpg',842),(807,18,234,'湖南女子学院',NULL,843),(808,19,58,'广东金融学院','844.jpg',844),(809,19,122,'电子科技大学中山学院','845.jpg',845),(810,20,323,'柳州师范高等专科学校','846.jpg',846),(811,20,339,'广西财经学院','847.jpg',847),(812,20,339,'邕江大学','848.jpg',848),(813,22,299,'重庆科技学院','849.jpg',849),(814,23,261,'四川烹饪高等专科学校','850.jpg',850),(815,23,261,'成都纺织高等专科学校','851.jpg',851),(816,25,222,'文山学院','852.jpg',852),(817,25,75,'昆明冶金高等专科学校','853.jpg',853),(818,27,43,'西安财经学院','854.jpg',854),(819,28,218,'甘肃民族师范学院','855.jpg',855),(820,28,246,'甘肃联合大学','856.jpg',856),(821,31,211,'乌鲁木齐职业大学','858.jpg',858),(822,17,48,'湖北经济学院','860.jpg',860),(823,20,10,'钦州学院','863.jpg',863),(824,20,339,'广西水利电力职业技术学院','864.jpg',864),(825,1,103,'中国青年政治学院','866.jpg',866),(826,1,103,'北京青年政治学院','867.jpg',867),(827,3,92,'北华航天工业学院','869.jpg',869),(828,4,262,'山西省财政税务专科学校','870.jpg',870),(829,5,45,'河套大学','871.jpg',871),(830,6,245,'沈阳工程学院','872.jpg',872),(831,8,40,'哈尔滨华夏计算机职业技术学院','873.jpg',873),(832,9,145,'上海金融学院','874.jpg',874),(833,10,158,'淮海工学院','875.jpg',875),(834,11,42,'宁波大学','876.jpg',876),(835,11,101,'浙江传媒学院','877.jpg',877),(836,16,15,'河南商业高等专科学校','878.jpg',878),(837,16,15,'河南财政税务高等专科学校',NULL,879),(838,16,202,'南阳理工学院','880.jpg',880),(839,17,48,'武汉商业服务学院','881.jpg',881),(840,19,200,'广东石油化工学院','882.jpg',882),(841,21,333,'海南师范大学','883.jpg',883),(842,22,299,'重庆理工大学','884.jpg',884),(843,23,164,'四川民族学院','885.jpg',885),(844,24,67,'黔南民族医学高等专科学校','886.jpg',886),(845,27,43,'西安邮电学院','887.jpg',887),(846,20,161,'桂林师范高等专科学校','888.jpg',888),(847,15,203,'山东工商学院','889.jpg',889),(848,5,306,'呼和浩特民族学院','890.jpg',890),(849,7,66,'长春大学','892.jpg',892),(850,24,8,'贵州商业高等专科学校','893.jpg',893),(851,9,145,'上海出版印刷高等专科学校','894.jpg',894),(852,27,43,'西安航空技术高等专科学校','897.jpg',897),(853,16,321,'河南城建学院','898.jpg',898),(854,20,339,'广西职业技术学院','899.jpg',899),(855,3,103,'防灾科技学院','900.jpg',900),(856,3,162,'承德石油高等专科学校','901.jpg',901),(857,6,192,'辽东学院','902.jpg',902),(858,13,173,'仰恩大学','903.jpg',903),(859,14,28,'九江职业技术学院','904.jpg',904),(860,16,194,'濮阳职业技术学院','905.jpg',905),(861,16,15,'河南警察学院','906.jpg',906),(862,17,48,'湖北财经高等专科学校','907.jpg',907),(863,17,48,'武汉东湖学院','911.jpg',911),(864,22,299,'重庆工商大学','912.jpg',912),(865,17,48,'汉口学院','913.jpg',913),(866,8,40,'黑龙江工程学院','914.jpg',914),(867,28,50,'平凉医学高等专科学校','915.jpg',915),(868,28,25,'陇南师范高等专科学校','916.jpg',916),(869,28,246,'兰州工业高等专科学校','917.jpg',917),(870,28,230,'定西师范高等专科学校','918.jpg',918),(871,28,311,'张掖医学高等专科学校','919.jpg',919),(872,21,333,'海南医学院','920.jpg',920),(873,31,7,'新疆维吾尔医学专科学校','921.jpg',921),(874,19,297,'东莞理工学院','922.jpg',922),(875,3,318,'邢台职业技术学院','923.jpg',923),(876,15,61,'山东财政学院','924.jpg',924),(877,7,66,'长春医学高等专科学校','925.jpg',925),(878,20,161,'桂林航天工业高等专科学校','926.jpg',926),(879,27,43,'西安电力高等专科学校','927.jpg',927),(880,15,61,'山东电力高等专科学校','928.jpg',928),(881,16,15,'郑州电力高等专科学校','929.jpg',929),(882,1,103,'首钢工学院','930.jpg',930),(883,3,293,'河北经贸大学','931.jpg',931),(884,9,145,'上海杉达学院','932.jpg',932),(885,16,15,'黄河科技学院','933.jpg',933),(886,20,161,'桂林旅游高等专科学校','934.jpg',934),(887,20,130,'贺州学院','935.jpg',935),(888,27,43,'西安医学院','936.jpg',936),(889,23,261,'民办四川天一学院','937.jpg',937),(890,11,101,'浙江树人学院','938.jpg',938),(891,14,28,'九江学院','939.jpg',939),(892,19,58,'广东工业大学','940.jpg',940),(893,19,58,'广东外语外贸大学','941.jpg',941),(894,19,68,'佛山科学技术学院','942.jpg',942),(895,22,299,'重庆电力高等专科学校','943.jpg',943),(896,3,269,'中央司法警官学院','944.jpg',944),(897,10,204,'徐州工程学院','945.jpg',945),(898,21,333,'海南职业技术学院','946.jpg',946),(899,19,58,'广东财经职业学院',NULL,948),(900,6,5,'大连民族学院','949.jpg',949),(901,18,234,'湖南第一师范学院','950.jpg',950),(902,11,101,'浙江交通职业技术学院','951.jpg',951),(903,19,58,'广州民航职业技术学院','952.jpg',952),(904,9,145,'上海第二工业大学','953.jpg',953),(905,19,58,'广州番禺职业技术学院','954.jpg',954),(906,10,160,'江苏经贸职业技术学院','955.jpg',955),(907,10,160,'南京特殊教育职业技术学院','956.jpg',956),(908,7,66,'吉林交通职业技术学院','957.jpg',957),(909,9,145,'上海商学院','958.jpg',958),(910,17,340,'湖北职业技术学院','959.jpg',959),(911,17,48,'武汉船舶职业技术学院','960.jpg',960),(912,8,40,'黑龙江建筑职业技术学院','961.jpg',961),(913,10,204,'九州职业技术学院','962.jpg',962),(914,18,234,'长沙航空职业技术学院','963.jpg',963),(915,10,119,'紫琅职业技术学院','964.jpg',964),(916,5,273,'包头职业技术学院','965.jpg',965),(917,16,88,'黄河水利职业技术学院','966.jpg',966),(918,19,58,'广东培正学院','967.jpg',967),(919,19,253,'广东松山职业技术学院','968.jpg',968),(920,11,327,'金华职业技术学院','969.jpg',969),(921,15,188,'日照职业技术学院','970.jpg',970),(922,6,249,'盘锦职业技术学院','971.jpg',971),(923,23,338,'成都航空职业技术学院','972.jpg',972),(924,23,261,'四川电力职业技术学院',NULL,973),(925,16,219,'许昌职业技术学院','975.jpg',975),(926,20,323,'柳州医学高等专科学校','976.jpg',976),(927,15,289,'曲阜远东职业技术学院','977.jpg',977),(928,12,120,'安徽商贸职业技术学院',NULL,979),(929,12,296,'安徽水利水电职业技术学院','980.jpg',980),(930,12,135,'阜阳职业技术学院','981.jpg',981),(931,10,291,'硅湖职业技术学院','982.jpg',982),(932,20,323,'柳州职业技术学院','983.jpg',983),(933,2,125,'天津中德职业技术学院','984.jpg',984),(934,10,97,'泰州职业技术学院','985.jpg',985),(935,24,8,'贵州警官职业学院','986.jpg',986),(936,4,262,'山西警官高等专科学校','987.jpg',987),(937,19,58,'南方医科大学','988.jpg',988),(938,23,126,'四川警察学院','991.jpg',991),(939,10,160,'南京森林警察学院','992.jpg',992),(940,18,217,'怀化医学高等专科学校',NULL,993),(941,22,299,'重庆工业职业技术学院','994.jpg',994),(942,12,296,'安徽新华学院',NULL,995),(943,12,149,'铜陵职业技术学院',NULL,996),(944,12,296,'民办万博科技职业学院','997.jpg',997),(945,12,296,'安徽警官职业学院','998.jpg',998),(946,12,260,'淮南职业技术学院','999.jpg',999),(947,24,8,'贵州交通职业技术学院','1000.jpg',1000),(948,24,241,'贵州航天职业技术学院','1001.jpg',1001),(949,18,234,'湖南大众传媒职业技术学院',NULL,1003),(950,18,148,'永州职业技术学院','1004.jpg',1004),(951,18,134,'湖南铁道职业技术学院','1005.jpg',1005),(952,18,234,'湖南涉外经济学院','1006.jpg',1006),(953,18,234,'湖南科技职业学院',NULL,1007),(954,7,66,'长春东方职业学院','1009.jpg',1009),(955,21,161,'海口经济学院','1010.jpg',1010),(956,17,48,'华中科技大学武昌分校','1011.jpg',1011),(957,17,48,'武汉科技大学中南分校',NULL,1012),(958,10,32,'常州信息职业技术学院','1013.jpg',1013),(959,19,58,'广东农工商职业技术学院','1014.jpg',1014),(960,15,121,'青岛职业技术学院','1015.jpg',1015),(961,19,23,'广东新安职业技术学院','1016.jpg',1016),(962,15,172,'威海职业学院','1017.jpg',1017),(963,19,68,'佛山职业技术学院','1018.jpg',1018),(964,15,61,'济南铁道职业技术学院','1019.jpg',1019),(965,15,61,'山东劳动职业技术学院','1020.jpg',1020),(966,15,6,'莱芜职业技术学院','1021.jpg',1021),(967,15,203,'烟台南山学院','1023.jpg',1023),(968,12,296,'安徽工业经济职业技术学院',NULL,1024),(969,15,182,'济宁职业技术学院','1025.jpg',1025),(970,24,301,'贵州电子信息职业技术学院','1026.jpg',1026),(971,18,234,'湖南生物机电职业技术学院',NULL,1027),(972,20,323,'广西生态工程职业技术学院','1028.jpg',1028),(973,17,100,'恩施职业技术学院','1029.jpg',1029),(974,25,75,'云南国土资源职业学院','1030.jpg',1030),(975,3,269,'河北软件职业技术学院','1031.jpg',1031),(976,17,39,'襄樊职业技术学院','1032.jpg',1032),(977,20,339,'广西交通职业技术学院','1033.jpg',1033),(978,25,75,'云南交通职业技术学院','1034.jpg',1034),(979,17,48,'武汉生物工程学院','1035.jpg',1035),(980,20,339,'广西工业职业技术学院','1036.jpg',1036),(981,3,92,'河北石油职业技术学院','1037.jpg',1037),(982,17,48,'武汉工贸职业学院','1038.jpg',1038),(983,20,339,'广西国际商务职业技术学院','1039.jpg',1039),(984,20,339,'广西农业职业技术学院','1040.jpg',1040),(985,4,270,'长治职业技术学院',NULL,1041),(986,3,117,'河北建材职业技术学院','1042.jpg',1042),(987,15,206,'潍坊职业学院','1043.jpg',1043),(988,25,186,'昆明工业职业技术学院','1045.jpg',1045),(989,15,203,'烟台职业学院','1047.jpg',1047),(990,18,234,'湖南交通职业技术学院','1048.jpg',1048),(991,12,133,'蚌埠坦克学院',NULL,1049),(992,18,234,'湖南商务职业技术学院','1050.jpg',1050),(993,12,296,'炮兵学院',NULL,1051),(994,3,293,'河北政法职业学院','1052.jpg',1052),(995,12,296,'合肥通用职业技术学院','1053.jpg',1053),(996,3,118,'沧州职业技术学院','1054.jpg',1054),(997,3,175,'河北能源职业技术学院','1055.jpg',1055),(998,18,234,'湖南体育职业学院',NULL,1056),(999,3,293,'石家庄铁路职业技术学院','1057.jpg',1057),(1000,18,234,'湖南工程职业技术学院','1058.jpg',1058),(1001,15,266,'东营职业学院','1060.jpg',1060),(1002,15,275,'聊城职业技术学院','1061.jpg',1061),(1003,5,319,'兴安职业技术学院',NULL,1062),(1004,1,103,'北京农业职业学院','1064.jpg',1064),(1005,1,103,'北京经济管理职业学院','1065.jpg',1065),(1006,1,103,'北京政法职业学院','1067.jpg',1067),(1007,1,103,'中国劳动关系学院','1068.jpg',1068),(1008,31,169,'克拉玛依职业技术学院','1072.jpg',1072),(1009,2,125,'天津滨海职业学院','1073.jpg',1073),(1010,2,125,'天津工程职业技术学院','1074.jpg',1074),(1011,8,40,'黑龙江艺术职业学院','1075.jpg',1075),(1012,9,145,'上海行健职业学院','1076.jpg',1076),(1013,9,145,'上海城市管理职业技术学院','1077.jpg',1077),(1014,9,145,'上海交通职业技术学院','1078.jpg',1078),(1015,9,145,'上海海事职业技术学院','1079.jpg',1079),(1016,9,145,'上海电子信息职业技术学院','1080.jpg',1080),(1017,27,163,'陕西能源职业技术学院','1081.jpg',1081),(1018,28,246,'甘肃建筑职业技术学院','1082.jpg',1082),(1019,31,211,'新疆机电职业技术学院','1083.jpg',1083),(1020,31,211,'新疆轻工职业技术学院','1084.jpg',1084),(1021,2,125,'天津青年职业学院','1085.jpg',1085),(1022,28,102,'酒泉职业技术学院','1086.jpg',1086),(1023,3,269,'保定职业技术学院','1087.jpg',1087),(1024,30,37,'宁夏理工学院','1088.jpg',1088),(1025,25,75,'云南农业职业技术学院','1089.jpg',1089),(1026,25,75,'云南司法警官职业学院','1090.jpg',1090),(1027,25,75,'云南医学高等专科学校','1091.jpg',1091),(1028,25,75,'云南文化艺术职业学院','1092.jpg',1092),(1029,25,75,'云南体育运动职业技术学院','1093.jpg',1093),(1030,25,75,'云南经济管理职业学院','1094.jpg',1094),(1031,1,103,'北京财贸职业学院','1095.jpg',1095),(1032,29,236,'青海卫生职业技术学院','1096.jpg',1096),(1033,1,103,'北京北大方正软件职业技术学院','1098.jpg',1098),(1034,1,103,'北京经贸职业学院','1099.jpg',1099),(1035,1,103,'北京经济技术职业学院','1100.jpg',1100),(1036,1,103,'北京戏曲艺术职业学院','1101.jpg',1101),(1037,1,103,'北京汇佳职业学院',NULL,1102),(1038,1,103,'北京现代职业技术学院','1103.jpg',1103),(1039,19,58,'广东科学技术职业学院','1104.jpg',1104),(1040,19,58,'广东食品药品职业学院','1105.jpg',1105),(1041,19,68,'南海东软信息技术职业学院','1106.jpg',1106),(1042,19,58,'广州康大职业技术学院','1107.jpg',1107),(1043,19,87,'珠海艺术职业学院','1108.jpg',1108),(1044,19,58,'广东行政职业学院','1109.jpg',1109),(1045,19,58,'广东体育职业技术学院','1110.jpg',1110),(1046,9,145,'上海震旦职业学院','1111.jpg',1111),(1047,9,145,'上海民远职业技术学院','1112.jpg',1112),(1048,9,145,'上海欧华职业技术学院','1113.jpg',1113),(1049,9,145,'上海思博职业技术学院','1114.jpg',1114),(1050,9,145,'上海立达职业技术学院','1115.jpg',1115),(1051,9,145,'上海工艺美术职业学院','1116.jpg',1116),(1052,6,245,'沈阳航空职业技术学院','1117.jpg',1117),(1053,6,245,'辽宁体育运动职业技术学院','1118.jpg',1118),(1054,6,177,'辽宁职业学院','1119.jpg',1119),(1055,6,245,'辽宁林业职业技术学院','1120.jpg',1120),(1056,6,245,'沈阳职业技术学院','1121.jpg',1121),(1057,6,193,'辽宁理工职业学院','1122.jpg',1122),(1058,18,234,'保险职业学院','1123.jpg',1123),(1059,18,234,'湖南对外经济贸易职业学院','1124.jpg',1124),(1060,18,234,'湖南网络工程职业学院','1125.jpg',1125),(1061,18,156,'湘潭大学兴湘学院',NULL,1126),(1062,18,84,'邵阳职业技术学院','1127.jpg',1127),(1063,18,234,'湖南司法警官职业学院','1128.jpg',1128),(1064,18,234,'长沙商贸旅游职业技术学院',NULL,1130),(1065,18,134,'湖南工业大学科技学院',NULL,1131),(1066,22,299,'重庆三峡职业学院','1132.jpg',1132),(1067,22,299,'重庆工贸职业技术学院','1133.jpg',1133),(1068,22,299,'重庆机电职业技术学院','1134.jpg',1134),(1069,22,299,'重庆正大软件职业技术学院','1135.jpg',1135),(1070,22,299,'重庆电子工程职业学院','1136.jpg',1136),(1071,13,205,'福建林业职业技术学院','1137.jpg',1137),(1072,13,256,'福建信息职业技术学院','1138.jpg',1138),(1073,13,30,'福建水利电力职业技术学院','1139.jpg',1139),(1074,13,173,'福建电力职业技术学院','1140.jpg',1140),(1075,13,281,'厦门海洋职业技术学院','1141.jpg',1141),(1076,13,256,'福建农业职业技术学院','1142.jpg',1142),(1077,13,173,'泉州医学高等专科学校','1143.jpg',1143),(1078,23,261,'成都职业技术学院','1144.jpg',1144),(1079,23,261,'成都东软学院','1145.jpg',1145),(1080,23,126,'四川化工职业技术学院','1146.jpg',1146),(1081,23,261,'四川水利职业技术学院','1147.jpg',1147),(1082,23,332,'南充职业技术学院','1148.jpg',1148),(1083,23,65,'内江职业技术学院','1149.jpg',1149),(1084,23,261,'四川航天职业技术学院','1150.jpg',1150),(1085,23,261,'四川邮电职业技术学院','1151.jpg',1151),(1086,23,261,'武警成都指挥学院',NULL,1152),(1087,11,42,'宁波城市职业技术学院','1153.jpg',1153),(1088,18,156,'湖南科技大学潇湘学院',NULL,1156),(1089,18,237,'南华大学船山学院','1157.jpg',1157),(1090,18,234,'湖南商学院北津学院',NULL,1158),(1091,18,234,'湖南师范大学树达学院','1159.jpg',1159),(1092,18,234,'湖南农业大学东方科技学院','1160.jpg',1160),(1093,18,234,'中南林业科技大学涉外学院','1161.jpg',1161),(1094,18,316,'湖南文理学院芙蓉学院','1162.jpg',1162),(1095,18,330,'湖南理工学院南湖学院',NULL,1163),(1096,18,237,'衡阳师范学院南岳学院','1164.jpg',1164),(1097,18,156,'湖南工程学院应用技术学院','1165.jpg',1165),(1098,18,234,'湖南中医药大学湘杏学院',NULL,1166),(1099,18,228,'吉首大学张家界学院','1167.jpg',1167),(1100,6,245,'沈阳炮兵学院','1169.jpg',1169),(1101,5,306,'呼和浩特职业学院',NULL,1170),(1102,5,273,'包头轻工职业技术学院','1171.jpg',1171),(1103,5,306,'内蒙古电子信息职业技术学院',NULL,1173),(1104,5,306,'内蒙古机电职业技术学院','1174.jpg',1174),(1105,5,306,'内蒙古化工职业学院','1175.jpg',1175),(1106,5,306,'内蒙古商贸职业学院','1176.jpg',1176),(1107,5,93,'锡林郭勒职业学院',NULL,1177),(1108,10,160,'江苏联合职业技术学院',NULL,1178),(1109,10,160,'江苏海事职业技术学院','1179.jpg',1179),(1110,10,160,'应天职业技术学院','1180.jpg',1180),(1111,10,96,'无锡科技职业学院','1181.jpg',1181),(1112,10,308,'扬州环境资源职业技术学院','1182.jpg',1182),(1113,10,119,'南通农业职业技术学院','1183.jpg',1183),(1114,10,59,'苏州经贸职业技术学院','1184.jpg',1184),(1115,10,59,'苏州工业职业技术学院','1185.jpg',1185),(1116,10,291,'苏州托普信息职业技术学院','1186.jpg',1186),(1117,10,160,'东南大学成贤学院','1187.jpg',1187),(1118,10,96,'无锡商业职业技术学院','1188.jpg',1188),(1119,10,119,'南通航运职业技术学院','1189.jpg',1189),(1120,4,262,'山西艺术职业学院','1190.jpg',1190),(1121,13,256,'福州英华职业学院','1191.jpg',1191),(1122,13,281,'厦门华夏职业学院','1192.jpg',1192),(1123,13,151,'闽南理工学院','1193.jpg',1193),(1124,13,151,'泉州纺织服装职业学院','1194.jpg',1194),(1125,27,43,'西安欧亚学院','1195.jpg',1195),(1126,27,43,'西安外事学院','1196.jpg',1196),(1127,27,43,'西安翻译学院','1197.jpg',1197),(1128,27,43,'西京学院','1198.jpg',1198),(1129,30,342,'宁夏民族职业技术学院','1199.jpg',1199),(1130,21,12,'三亚城市职业学院','1200.jpg',1200),(1131,8,74,'大庆职业学院','1201.jpg',1201),(1132,2,125,'天津渤海职业技术学院','1202.jpg',1202),(1133,2,125,'天津电子信息职业技术学院','1203.jpg',1203),(1134,2,125,'天津机电职业技术学院','1204.jpg',1204),(1135,2,125,'天津现代职业技术学院','1205.jpg',1205),(1136,2,125,'天津公安警官职业学院','1206.jpg',1206),(1137,8,303,'黑龙江林业职业技术学院','1207.jpg',1207),(1138,8,78,'黑龙江农业职业技术学院','1208.jpg',1208),(1139,8,40,'黑龙江农业工程职业学院','1209.jpg',1209),(1140,8,40,'黑龙江农垦职业学院','1210.jpg',1210),(1141,8,40,'黑龙江司法警官职业学院','1211.jpg',1211),(1142,8,57,'齐齐哈尔工程学院','1212.jpg',1212),(1143,6,5,'大连商务职业学院','1213.jpg',1213),(1144,2,125,'天津轻工职业技术学院','1214.jpg',1214),(1145,1,103,'北京科技经营管理学院','1215.jpg',1215),(1146,31,211,'新疆警官高等专科学校','1216.jpg',1216),(1147,16,15,'铁道警官高等专科学校',NULL,1217),(1148,19,68,'广东纺织职业技术学院','1218.jpg',1218),(1149,17,113,'荆州职业技术学院',NULL,1219),(1150,17,48,'武汉工程职业技术学院','1220.jpg',1220),(1151,18,237,'湖南环境生物职业技术学院','1221.jpg',1221),(1152,17,60,'仙桃职业学院','1222.jpg',1222),(1153,19,58,'广东建设职业技术学院',NULL,1223),(1154,19,58,'广东女子职业技术学院','1224.jpg',1224),(1155,19,58,'广东机电职业技术学院','1225.jpg',1225),(1156,17,48,'湖北轻工职业技术学院','1226.jpg',1226),(1157,16,72,'商丘职业技术学院','1227.jpg',1227),(1158,16,15,'郑州科技学院','1228.jpg',1228),(1159,16,15,'郑州华信学院','1229.jpg',1229),(1160,16,321,'平顶山工业职业技术学院','1230.jpg',1230),(1161,19,58,'广东岭南职业技术学院','1231.jpg',1231),(1162,16,225,'周口职业技术学院','1232.jpg',1232),(1163,23,292,'四川机电职业技术学院','1233.jpg',1233),(1164,17,48,'湖北交通职业技术学院','1234.jpg',1234),(1165,23,223,'绵阳职业技术学院','1235.jpg',1235),(1166,22,299,'重庆海联职业技术学院','1236.jpg',1236),(1167,22,299,'重庆信息技术职业学院','1237.jpg',1237),(1168,22,299,'重庆传媒职业学院','1238.jpg',1238),(1169,22,299,'重庆警官职业学院','1239.jpg',1239),(1170,22,299,'重庆城市管理职业学院','1240.jpg',1240),(1171,22,299,'重庆工程职业技术学院','1241.jpg',1241),(1172,23,261,'四川交通职业技术学院','1243.jpg',1243),(1173,23,261,'四川工商职业技术学院',NULL,1244),(1174,23,282,'四川工程职业技术学院','1245.jpg',1245),(1175,23,282,'四川建筑职业技术学院','1246.jpg',1246),(1176,19,29,'汕尾职业技术学院','1247.jpg',1247),(1177,14,49,'江西渝州科技职业学院','1248.jpg',1248),(1178,23,137,'达州职业技术学院','1249.jpg',1249),(1179,16,106,'济源职业技术学院','1250.jpg',1250),(1180,19,280,'罗定职业技术学院','1251.jpg',1251),(1181,19,210,'阳江职业技术学院','1252.jpg',1252),(1182,19,258,'河源职业技术学院','1253.jpg',1253),(1183,3,117,'秦皇岛职业技术学院','1254.jpg',1254),(1184,4,105,'晋城职业技术学院','1255.jpg',1255),(1185,4,262,'山西建筑职业技术学院','1256.jpg',1256),(1186,4,262,'山西生物应用职业技术学院','1257.jpg',1257),(1187,4,262,'山西工程职业技术学院','1258.jpg',1258),(1188,4,262,'山西交通职业技术学院','1259.jpg',1259),(1189,4,262,'山西兴华职业学院',NULL,1260),(1190,4,108,'大同煤炭职业技术学院','1261.jpg',1261),(1191,16,15,'河南司法警官职业学院',NULL,1262),(1192,3,293,'石家庄计算机职业学院','1263.jpg',1263),(1193,3,293,'石家庄外国语职业学院','1264.jpg',1264),(1194,3,293,'河北传媒学院','1265.jpg',1265),(1195,3,175,'唐山职业技术学院','1266.jpg',1266),(1196,3,18,'衡水职业技术学院',NULL,1267),(1197,3,175,'唐山工业职业技术学院','1268.jpg',1268),(1198,2,125,'天津对外经济贸易职业学院','1269.jpg',1269),(1199,11,42,'浙江工商职业技术学院','1270.jpg',1270),(1200,11,141,'台州职业技术学院','1271.jpg',1271),(1201,11,235,'浙江工贸职业技术学院','1272.jpg',1272),(1202,11,274,'浙江越秀外国语学院','1273.jpg',1273),(1203,16,278,'鹤壁职业技术学院','1274.jpg',1274),(1204,16,202,'河南工业职业技术学院','1275.jpg',1275),(1205,3,293,'石家庄法商职业学院','1277.jpg',1277),(1206,5,306,'内蒙古警察职业学院','1278.jpg',1278),(1207,9,145,'上海济光职业技术学院','1279.jpg',1279),(1208,9,145,'上海建桥学院','1280.jpg',1280),(1209,9,145,'上海工商外国语职业学院','1281.jpg',1281),(1210,9,145,'上海科学技术职业学院','1282.jpg',1282),(1211,1,103,'北京吉利大学','1283.jpg',1283),(1212,2,125,'天津国土资源和房屋职业学院','1284.jpg',1284),(1213,10,160,'南京交通职业技术学院','1285.jpg',1285),(1214,10,36,'淮安信息职业技术学院','1286.jpg',1286),(1215,10,97,'江苏畜牧兽医职业技术学院','1287.jpg',1287),(1216,10,32,'常州纺织服装职业技术学院','1288.jpg',1288),(1217,10,59,'苏州农业职业技术学院','1289.jpg',1289),(1218,10,59,'苏州工业园区职业技术学院','1290.jpg',1290),(1219,12,296,'安徽文达信息工程学院','1291.jpg',1291),(1220,12,260,'安徽工贸职业技术学院','1292.jpg',1292),(1221,12,144,'宿州职业技术学院','1293.jpg',1293),(1222,12,154,'六安职业技术学院','1294.jpg',1294),(1223,12,133,'安徽电子信息职业技术学院',NULL,1295),(1224,12,296,'民办合肥经济技术职业学院','1296.jpg',1296),(1225,12,296,'安徽交通职业技术学院','1297.jpg',1297),(1226,12,296,'安徽体育运动职业技术学院',NULL,1298),(1227,15,1,'滨州职业学院','1299.jpg',1299),(1228,15,206,'山东科技职业学院','1300.jpg',1300),(1229,22,299,'重庆房地产职业学院',NULL,1301),(1230,24,190,'安顺职业技术学院','1302.jpg',1302),(1231,24,301,'黔东南民族职业技术学院','1303.jpg',1303),(1232,24,67,'黔南民族职业技术学院','1304.jpg',1304),(1233,24,241,'遵义职业技术学院','1305.jpg',1305),(1234,25,75,'云南科技信息职业学院','1306.jpg',1306),(1235,25,267,'西双版纳职业技术学院','1307.jpg',1307),(1236,27,43,'陕西国防工业职业技术学院','1308.jpg',1308),(1237,27,43,'西安航空职业技术学院','1309.jpg',1309),(1238,27,163,'陕西财经职业技术学院','1310.jpg',1310),(1239,27,43,'陕西交通职业技术学院','1311.jpg',1311),(1240,27,43,'陕西职业技术学院','1312.jpg',1312),(1241,28,246,'兰州外语职业学院','1313.jpg',1313),(1242,28,246,'兰州职业技术学院','1314.jpg',1314),(1243,28,246,'甘肃警察职业学院','1315.jpg',1315),(1244,28,44,'甘肃林业职业技术学院','1316.jpg',1316),(1245,28,44,'甘肃工业职业技术学院','1317.jpg',1317),(1246,30,313,'宁夏工业职业学院','1318.jpg',1318),(1247,31,325,'昌吉职业技术学院','1319.jpg',1319),(1248,6,5,'大连艺术职业学院','1320.jpg',1320),(1249,6,5,'大连东软信息技术职业学院','1321.jpg',1321),(1250,15,257,'山东服装职业学院','1322.jpg',1322),(1251,15,174,'德州科技职业学院','1323.jpg',1323),(1252,15,276,'潍坊科技学院','1324.jpg',1324),(1253,15,61,'山东力明科技职业学院','1325.jpg',1325),(1254,18,234,'长沙通信职业技术学院','1326.jpg',1326),(1255,18,234,'湘潭职业技术学院','1327.jpg',1327),(1256,18,64,'郴州职业技术学院','1328.jpg',1328),(1257,18,46,'娄底职业技术学院','1329.jpg',1329),(1258,18,228,'张家界航空工业职业技术学院',NULL,1330),(1259,24,8,'贵州亚泰职业学院','1331.jpg',1331),(1260,25,75,'昆明艺术职业学院','1332.jpg',1332),(1261,29,236,'青海警官职业学院','1333.jpg',1333),(1262,11,42,'浙江医药高等专科学校','1334.jpg',1334),(1263,11,101,'浙江机电职业技术学院','1335.jpg',1335),(1264,11,101,'浙江建设职业技术学院','1336.jpg',1336),(1265,11,101,'浙江艺术职业学院','1337.jpg',1337),(1266,11,101,'浙江经贸职业技术学院','1338.jpg',1338),(1267,11,101,'浙江经济职业技术学院','1340.jpg',1340),(1268,11,101,'浙江旅游职业学院','1341.jpg',1341),(1269,11,101,'浙江育英职业技术学院','1342.jpg',1342),(1270,11,101,'浙江警官职业学院','1343.jpg',1343),(1271,11,101,'浙江金融职业学院','1344.jpg',1344),(1272,11,274,'浙江工业职业技术学院','1345.jpg',1345),(1273,11,101,'杭州职业技术学院','1346.jpg',1346),(1274,11,322,'嘉兴职业技术学院','1348.jpg',1348),(1275,11,208,'湖州职业技术学院',NULL,1349),(1276,11,274,'绍兴职业技术学院','1350.jpg',1350),(1277,11,231,'衢州职业技术学院','1351.jpg',1351),(1278,11,122,'丽水职业技术学院','1352.jpg',1352),(1279,2,125,'天津开发区职业技术学院','1354.jpg',1354),(1280,2,125,'天津艺术职业学院','1355.jpg',1355),(1281,2,125,'天津交通职业学院','1356.jpg',1356),(1282,3,318,'邢台医学高等专科学校','1357.jpg',1357),(1283,3,293,'河北省艺术职业学院','1358.jpg',1358),(1284,3,162,'河北旅游职业学院','1360.jpg',1360),(1285,4,270,'山西机电职业技术学院','1361.jpg',1361),(1286,4,262,'山西戏剧职业学院',NULL,1362),(1287,4,262,'山西财贸职业技术学院','1363.jpg',1363),(1288,4,262,'山西林业职业技术学院','1364.jpg',1364),(1289,4,21,'阳泉职业技术学院','1366.jpg',1366),(1290,5,306,'内蒙古体育职业学院',NULL,1367),(1291,6,245,'辽宁金融职业学院','1368.jpg',1368),(1292,6,250,'辽宁信息职业技术学院','1369.jpg',1369),(1293,6,245,'辽宁广告职业学院','1370.jpg',1370),(1294,6,290,'辽宁机电职业技术学院','1371.jpg',1371),(1295,6,245,'辽宁经济职业技术学院','1372.jpg',1372),(1296,6,193,'辽宁石化职业技术学院','1373.jpg',1373),(1297,7,66,'吉林司法警官职业学院','1374.jpg',1374),(1298,7,170,'吉林电子信息职业技术学院','1375.jpg',1375),(1299,7,170,'吉林工业职业技术学院','1376.jpg',1376),(1300,7,152,'吉林农业工程职业技术学院','1377.jpg',1377),(1301,8,248,'鹤岗师范高等专科学校','1378.jpg',1378),(1302,8,40,'哈尔滨电力职业技术学院','1379.jpg',1379),(1303,8,40,'哈尔滨铁道职业技术学院','1380.jpg',1380),(1304,8,124,'大兴安岭职业学院','1381.jpg',1381),(1305,8,198,'黑龙江畜牧兽医职业学院','1382.jpg',1382),(1306,8,303,'黑龙江农业经济职业学院','1383.jpg',1383),(1307,8,40,'哈尔滨职业技术学院','1384.jpg',1384),(1308,9,145,'上海农林职业技术学院','1385.jpg',1385),(1309,9,145,'上海邦德职业技术学院','1386.jpg',1386),(1310,9,145,'上海托普信息技术职业学院',NULL,1387),(1311,9,145,'上海中侨职业技术学院','1388.jpg',1388),(1312,9,145,'上海建峰职业技术学院','1389.jpg',1389),(1313,10,97,'泰州师范高等专科学校','1390.jpg',1390),(1314,10,96,'太湖创意职业技术学院','1391.jpg',1391),(1315,10,216,'炎黄职业技术学院','1392.jpg',1392),(1316,10,160,'南京化工职业技术学院','1393.jpg',1393),(1317,10,160,'正德职业技术学院','1394.jpg',1394),(1318,10,160,'钟山职业技术学院','1395.jpg',1395),(1319,10,96,'无锡南洋职业技术学院',NULL,1396),(1320,12,296,'安徽医学高等专科学校',NULL,1398),(1321,12,239,'亳州师范高等专科学校','1399.jpg',1399),(1322,13,173,'泉州华光摄影艺术职业学院','1400.jpg',1400),(1323,13,173,'泉州理工职业学院','1401.jpg',1401),(1324,14,166,'江西司法警官职业学院','1402.jpg',1402),(1325,14,136,'江西陶瓷工艺美术职业技术学院','1403.jpg',1403),(1326,6,214,'渤海船舶职业学院','1404.jpg',1404),(1327,14,166,'江西旅游商贸职业学院','1405.jpg',1405),(1328,14,166,'江西电力职业技术学院','1406.jpg',1406),(1329,14,11,'江西环境工程职业学院','1407.jpg',1407),(1330,14,166,'江西艺术职业学院','1408.jpg',1408),(1331,14,179,'鹰潭职业技术学院','1409.jpg',1409),(1332,14,166,'江西城市职业学院','1410.jpg',1410),(1333,14,166,'江西信息应用职业技术学院','1411.jpg',1411),(1334,14,166,'江西交通职业技术学院','1412.jpg',1412),(1335,14,28,'江西财经职业学院','1413.jpg',1413),(1336,14,11,'江西应用技术职业学院','1414.jpg',1414),(1337,14,166,'江西现代职业技术学院','1415.jpg',1415),(1338,14,166,'江西工程职业学院','1416.jpg',1416),(1339,15,61,'山东圣翰财贸职业学院','1417.jpg',1417),(1340,15,188,'山东水利职业学院','1418.jpg',1418),(1341,15,206,'山东畜牧兽医职业学院','1419.jpg',1419),(1342,16,15,'郑州澍青医学高等专科学校','1420.jpg',1420),(1343,17,113,'湖北中医药高等专科学校',NULL,1423),(1344,17,48,'武汉航海职业技术学院','1424.jpg',1424),(1345,19,58,'广东邮电职业技术学院','1425.jpg',1425),(1346,19,247,'汕头职业技术学院','1426.jpg',1426),(1347,19,331,'揭阳职业技术学院','1428.jpg',1428),(1348,19,23,'深圳信息职业技术学院','1429.jpg',1429),(1349,19,79,'清远职业技术学院','1430.jpg',1430),(1350,19,58,'广东工贸职业技术学院','1431.jpg',1431),(1351,19,58,'广东司法警官职业学院','1432.jpg',1432),(1352,19,297,'广东亚视演艺职业学院','1433.jpg',1433),(1353,19,58,'广东省外语艺术职业学院','1434.jpg',1434),(1354,23,261,'四川托普信息技术职业学院','1435.jpg',1435),(1355,23,261,'四川国际标榜职业学院','1436.jpg',1436),(1356,23,261,'成都农业科技职业学院','1437.jpg',1437),(1357,23,94,'宜宾职业技术学院',NULL,1438),(1358,23,126,'泸州职业技术学院','1439.jpg',1439),(1359,23,324,'眉山职业技术学院','1440.jpg',1440),(1360,23,261,'成都艺术职业学院','1441.jpg',1441),(1361,23,176,'四川职业技术学院','1442.jpg',1442),(1362,25,314,'玉溪农业职业技术学院','1443.jpg',1443),(1363,29,236,'青海畜牧兽医职业技术学院','1444.jpg',1444),(1364,29,236,'青海交通职业技术学院','1445.jpg',1445),(1365,29,236,'青海建筑职业技术学院','1446.jpg',1446),(1366,31,62,'伊犁职业技术学院','1447.jpg',1447),(1367,14,166,'江西机电职业技术学院','1448.jpg',1448),(1368,17,48,'武汉铁路职业技术学院','1449.jpg',1449),(1369,17,48,'武汉软件工程职业学院','1450.jpg',1450),(1370,17,191,'湖北三峡职业技术学院','1451.jpg',1451),(1371,17,263,'随州职业技术学院',NULL,1452),(1372,17,48,'武汉电力职业技术学院','1453.jpg',1453),(1373,17,48,'湖北水利水电职业技术学院',NULL,1454),(1374,17,48,'湖北城市建设职业技术学院',NULL,1455),(1375,17,48,'武汉警官职业学院','1456.jpg',1456),(1376,17,48,'湖北生物科技职业学院','1457.jpg',1457),(1377,17,48,'湖北开放职业学院','1458.jpg',1458),(1378,17,48,'武汉科技职业学院','1459.jpg',1459),(1379,17,48,'武汉外语外事职业学院','1460.jpg',1460),(1380,17,48,'武汉信息传播职业技术学院','1461.jpg',1461),(1381,17,48,'武汉语言文化职业学院','1462.jpg',1462),(1382,17,48,'武汉商贸职业学院',NULL,1463),(1383,13,173,'福建师范大学闽南科技学院','1464.jpg',1464),(1384,13,256,'福建农林大学东方学院','1465.jpg',1465),(1385,11,42,'宁波大红鹰学院','1466.jpg',1466),(1386,11,235,'浙江东方职业技术学院','1467.jpg',1467),(1387,11,227,'义乌工商职业技术学院','1468.jpg',1468),(1388,15,121,'青岛飞洋职业技术学院','1469.jpg',1469),(1389,15,61,'山东英才学院','1470.jpg',1470),(1390,15,266,'山东大王职业学院','1471.jpg',1471),(1391,15,206,'山东交通职业学院','1472.jpg',1472),(1392,15,284,'淄博职业学院','1473.jpg',1473),(1393,15,121,'山东外贸职业学院','1474.jpg',1474),(1394,15,121,'青岛酒店管理职业技术学院','1475.jpg',1475),(1395,15,206,'山东信息职业技术学院','1476.jpg',1476),(1396,15,284,'淄博科技职业学院',NULL,1477),(1397,15,121,'青岛港湾职业技术学院','1478.jpg',1478),(1398,15,121,'青岛恒星职业技术学院','1479.jpg',1479),(1399,10,96,'江南影视艺术职业学院','1480.jpg',1480),(1400,11,101,'浙江大学城市学院','1481.jpg',1481),(1401,11,42,'浙江大学宁波理工学院','1482.jpg',1482),(1402,11,101,'浙江医学高等专科学校','1483.jpg',1483),(1403,11,42,'浙江纺织服装职业技术学院','1484.jpg',1484),(1404,11,322,'嘉兴南洋职业技术学院','1486.jpg',1486),(1405,11,128,'浙江广厦建设职业技术学院','1487.jpg',1487),(1406,11,101,'杭州万向职业技术学院','1488.jpg',1488),(1407,18,234,'长沙环境保护职业技术学院',NULL,1489),(1408,18,234,'湖南艺术职业学院','1490.jpg',1490),(1409,18,234,'湖南机电职业技术学院','1491.jpg',1491),(1410,18,234,'长沙职业技术学院','1492.jpg',1492),(1411,18,217,'怀化职业技术学院','1493.jpg',1493),(1412,18,330,'岳阳职业技术学院','1494.jpg',1494),(1413,18,316,'常德职业技术学院','1495.jpg',1495),(1414,18,234,'长沙南方职业学院',NULL,1497),(1415,18,46,'潇湘职业学院',NULL,1498),(1416,18,134,'湖南化工职业技术学院',NULL,1499),(1417,18,234,'湖南城建职业技术学院','1500.jpg',1500),(1418,18,330,'湖南石油化工职业技术学院','1501.jpg',1501),(1419,23,196,'乐山职业技术学院','1502.jpg',1502),(1420,23,19,'雅安职业技术学院','1503.jpg',1503),(1421,24,8,'贵州工业职业技术学院','1504.jpg',1504),(1422,24,8,'贵州电力职业技术学院','1505.jpg',1505),(1423,24,336,'六盘水职业技术学院','1506.jpg',1506),(1424,24,81,'铜仁职业技术学院','1507.jpg',1507),(1425,12,116,'巢湖职业技术学院','1508.jpg',1508),(1426,12,265,'滁州职业技术学院','1509.jpg',1509),(1427,12,3,'池州职业技术学院','1510.jpg',1510),(1428,12,233,'宣城职业技术学院',NULL,1511),(1429,12,296,'安徽广播影视职业技术学院','1512.jpg',1512),(1430,12,296,'民办合肥滨湖职业技术学院',NULL,1513),(1431,12,296,'安徽外国语学院','1514.jpg',1514),(1432,3,293,'石家庄财经职业学院',NULL,1516),(1433,3,293,'河北交通职业技术学院','1517.jpg',1517),(1434,3,293,'河北化工医药职业技术学院','1518.jpg',1518),(1435,3,293,'石家庄信息工程职业学院','1519.jpg',1519),(1436,3,117,'河北外国语职业学院','1520.jpg',1520),(1437,3,293,'河北美术学院','1521.jpg',1521),(1438,3,293,'军械工程学院信息与管理分院',NULL,1523),(1439,30,313,'宁夏职业技术学院','1524.jpg',1524),(1440,30,313,'宁夏工商职业技术学院','1525.jpg',1525),(1441,30,313,'宁夏财经职业技术学院','1526.jpg',1526),(1442,30,313,'宁夏司法警官职业学院','1527.jpg',1527),(1443,31,168,'阿克苏职业技术学院','1529.jpg',1529),(1444,31,33,'巴音郭楞职业技术学院','1530.jpg',1530),(1445,10,160,'金肯职业技术学院','1531.jpg',1531),(1446,10,32,'常州轻工职业技术学院','1532.jpg',1532),(1447,10,32,'常州工程职业技术学院','1533.jpg',1533),(1448,10,38,'江苏农林职业技术学院',NULL,1534),(1449,10,36,'江苏食品职业技术学院','1535.jpg',1535),(1450,10,32,'建东职业技术学院','1536.jpg',1536),(1451,10,160,'南京铁道职业技术学院','1537.jpg',1537),(1452,10,204,'徐州工业职业技术学院','1538.jpg',1538),(1453,10,96,'江苏信息职业技术学院','1539.jpg',1539),(1454,10,238,'宿迁职业技术学院','1540.jpg',1540),(1455,10,160,'南京信息职业技术学院','1541.jpg',1541),(1456,10,308,'江海职业技术学院','1542.jpg',1542),(1457,10,32,'常州机电职业技术学院','1543.jpg',1543),(1458,13,281,'华侨大学厦门工学院','1544.jpg',1544),(1459,27,43,'西安思源学院','1545.jpg',1545),(1460,27,43,'西安高新科技职业学院','1546.jpg',1546),(1461,27,43,'陕西国际商贸学院','1547.jpg',1547),(1462,27,43,'西安三资职业学院','1548.jpg',1548),(1463,27,43,'陕西服装工程学院','1549.jpg',1549),(1464,27,43,'武警工程学院',NULL,1550),(1465,27,43,'空军工程大学',NULL,1551),(1466,27,43,'中国人民解放军西安通信学院',NULL,1553),(1467,27,43,'第四军医大学',NULL,1554),(1468,27,43,'西安陆军学院',NULL,1556),(1469,25,343,'云南能源职业技术学院','1557.jpg',1557),(1470,10,9,'江阴职业技术学院','1558.jpg',1558),(1471,20,339,'广西建设职业技术学院','1559.jpg',1559),(1472,30,313,'宁夏建设职业技术学院','1560.jpg',1560),(1473,7,66,'长春职业技术学院','1561.jpg',1561),(1474,4,185,'临汾职业技术学院','1562.jpg',1562),(1475,19,87,'北京师范大学珠海分校','1564.jpg',1564),(1476,6,5,'大连理工大学城市学院','1565.jpg',1565),(1477,6,250,'沈阳工业大学工程学院','1566.jpg',1566),(1478,6,245,'沈阳航空航天大学北方科技学院','1567.jpg',1567),(1479,6,112,'沈阳理工大学应用技术学院','1568.jpg',1568),(1480,6,5,'大连工业大学艺术与信息工程学院','1570.jpg',1570),(1481,6,5,'大连科技学院','1574.jpg',1574),(1482,6,245,'沈阳建筑大学城市建设学院','1575.jpg',1575),(1483,6,112,'沈阳农业大学科学技术学院','1577.jpg',1577),(1484,6,245,'中国医科大学临床医药学院','1578.jpg',1578),(1485,6,5,'大连医科大学中山学院','1579.jpg',1579),(1486,6,193,'辽宁医学院医疗学院','1580.jpg',1580),(1487,6,245,'辽宁师范大学海华学院','1582.jpg',1582),(1488,6,193,'渤海大学文理学院','1584.jpg',1584),(1489,6,5,'东北财经大学津桥商学院','1585.jpg',1585),(1490,6,245,'沈阳大学科技工程学院','1587.jpg',1587),(1491,17,48,'湖北大学知行学院','1590.jpg',1590),(1492,17,48,'武汉科技大学城市学院','1591.jpg',1591),(1493,17,191,'三峡大学科技学院','1592.jpg',1592),(1494,17,48,'江汉大学文理学院','1593.jpg',1593),(1495,17,48,'湖北工业大学工程技术学院','1594.jpg',1594),(1496,17,48,'武汉工程大学邮电与信息工程学院','1595.jpg',1595),(1497,17,48,'武汉纺织大学外经贸学院',NULL,1596),(1498,17,48,'武汉工业学院工商学院',NULL,1597),(1499,17,48,'武汉长江工商学院','1598.jpg',1598),(1500,17,113,'长江大学工程技术学院',NULL,1601),(1501,17,113,'长江大学文理学院','1602.jpg',1602),(1502,17,48,'湖北工业大学商贸学院','1603.jpg',1603),(1503,17,310,'湖北汽车工业学院科技学院','1604.jpg',1604),(1504,17,310,'湖北医药学院药护学院',NULL,1605),(1505,17,100,'湖北民族学院科技学院',NULL,1606),(1506,17,48,'湖北经济学院法商学院','1607.jpg',1607),(1507,17,48,'武汉体育学院体育科技学院','1608.jpg',1608),(1508,17,305,'湖北师范学院文理学院',NULL,1611),(1509,17,39,'襄樊学院理工学院','1612.jpg',1612),(1510,17,340,'孝感学院新技术学院',NULL,1613),(1511,17,48,'华中科技大学文华学院','1615.jpg',1615),(1512,17,48,'湖北艺术职业学院',NULL,1616),(1513,17,48,'武汉交通职业学院','1617.jpg',1617),(1514,17,167,'咸宁职业技术学院','1618.jpg',1618),(1515,17,48,'长江工程职业技术学院',NULL,1619),(1516,11,101,'浙江工业大学之江学院','1621.jpg',1621),(1517,11,327,'浙江师范大学行知学院','1622.jpg',1622),(1518,11,42,'宁波大学科学技术学院','1623.jpg',1623),(1519,11,101,'杭州电子科技大学信息工程学院','1625.jpg',1625),(1520,11,101,'浙江理工大学科技与艺术学院','1626.jpg',1626),(1521,11,69,'浙江海洋学院东海科学技术学院','1627.jpg',1627),(1522,11,101,'浙江农林大学天目学院','1628.jpg',1628),(1523,11,235,'温州医学院仁济学院','1629.jpg',1629),(1524,11,101,'浙江中医药大学滨江学院','1630.jpg',1630),(1525,11,101,'杭州师范大学钱江学院','1631.jpg',1631),(1526,11,208,'湖州师范学院求真学院','1632.jpg',1632),(1527,11,274,'绍兴文理学院元培学院','1633.jpg',1633),(1528,11,235,'温州大学瓯江学院','1634.jpg',1634),(1529,11,101,'浙江工商大学杭州商学院',NULL,1635),(1530,11,322,'嘉兴学院南湖学院','1636.jpg',1636),(1531,11,101,'中国计量学院现代科技学院','1637.jpg',1637),(1532,11,51,'浙江财经学院东方学院','1639.jpg',1639),(1533,8,40,'黑龙江外国语学院','1640.jpg',1640),(1534,8,40,'哈尔滨德强商务学院','1642.jpg',1642),(1535,8,40,'东北石油大学华瑞学院','1643.jpg',1643),(1536,8,40,'东北农业大学成栋学院','1644.jpg',1644),(1537,8,40,'哈尔滨理工大学远东学院','1645.jpg',1645),(1538,8,40,'哈尔滨剑桥学院','1647.jpg',1647),(1539,8,40,'黑龙江工程学院昆仑旅游学院','1648.jpg',1648),(1540,8,40,'哈尔滨商业大学广厦学院','1649.jpg',1649),(1541,8,40,'哈尔滨华德学院','1650.jpg',1650),(1542,15,266,'山东胜利职业学院','1651.jpg',1651),(1543,15,206,'山东经贸职业学院','1652.jpg',1652),(1544,15,284,'山东工业职业学院','1653.jpg',1653),(1545,15,284,'山东化工职业学院','1654.jpg',1654),(1546,15,121,'青岛黄海学院','1655.jpg',1655),(1547,15,121,'青岛求实职业技术学院','1656.jpg',1656),(1548,15,61,'山东现代职业学院','1657.jpg',1657),(1549,15,61,'济南职业学院','1658.jpg',1658),(1550,15,61,'山东协和学院','1659.jpg',1659),(1551,30,313,'宁夏大学新华学院','1660.jpg',1660),(1552,25,75,'云南大学滇池学院','1661.jpg',1661),(1553,25,165,'云南大学旅游文化学院','1663.jpg',1663),(1554,25,75,'昆明理工大学津桥学院','1664.jpg',1664),(1555,25,75,'云南师范大学商学院','1665.jpg',1665),(1556,25,75,'昆明医学院海源学院','1667.jpg',1667),(1557,25,75,'云南艺术学院文华学院','1668.jpg',1668),(1558,12,296,'安徽电气工程职业技术学院','1669.jpg',1669),(1559,12,189,'安徽冶金科技职业学院','1670.jpg',1670),(1560,12,296,'安徽城市管理职业学院','1671.jpg',1671),(1561,12,120,'安徽机电职业技术学院','1672.jpg',1672),(1562,12,296,'安徽工商职业学院',NULL,1673),(1563,12,296,'安徽中澳科技职业学院','1674.jpg',1674),(1564,12,135,'阜阳科技职业学院','1675.jpg',1675),(1565,12,239,'亳州职业技术学院','1676.jpg',1676),(1566,12,154,'安徽国防科技职业学院','1677.jpg',1677),(1567,12,341,'安庆职业技术学院','1678.jpg',1678),(1568,12,296,'安徽艺术职业学院','1679.jpg',1679),(1569,15,203,'烟台大学文经学院','1682.jpg',1682),(1570,15,121,'青岛理工大学琴岛学院','1701.jpg',1701),(1571,15,266,'中国石油大学胜利学院','1709.jpg',1709),(1572,3,269,'河北科技学院',NULL,1710),(1573,3,269,'保定电力职业技术学院','1711.jpg',1711),(1574,3,318,'河北机电职业技术学院','1712.jpg',1712),(1575,3,277,'渤海石油职业学院','1713.jpg',1713),(1576,3,92,'廊坊职业技术学院','1714.jpg',1714),(1577,3,175,'唐山科技职业技术学院','1715.jpg',1715),(1578,3,293,'石家庄邮电职业技术学院','1716.jpg',1716),(1579,3,293,'河北公安警察职业学院',NULL,1717),(1580,3,293,'石家庄工商职业学院','1718.jpg',1718),(1581,3,293,'石家庄理工职业学院','1719.jpg',1719),(1582,3,293,'石家庄外语翻译职业学院','1721.jpg',1721),(1583,3,293,'石家庄科技信息职业学院','1722.jpg',1722),(1584,3,269,'河北大学工商学院','1723.jpg',1723),(1585,3,175,'河北联合大学轻工学院','1725.jpg',1725),(1586,3,293,'河北科技大学理工学院','1726.jpg',1726),(1587,3,293,'河北师范大学汇华学院','1727.jpg',1727),(1588,3,293,'河北经贸大学经济管理学院','1729.jpg',1729),(1589,3,293,'河北医科大学临床学院',NULL,1730),(1590,3,269,'华北电力大学科技学院','1731.jpg',1731),(1591,14,166,'江西服装学院','1732.jpg',1732),(1592,14,166,'江西科技职业学院','1733.jpg',1733),(1593,14,166,'江西大宇职业技术学院','1734.jpg',1734),(1594,14,166,'南昌工学院','1735.jpg',1735),(1595,14,166,'江西外语外贸职业学院','1736.jpg',1736),(1596,14,166,'江西工业贸易职业技术学院','1737.jpg',1737),(1597,14,184,'宜春职业技术学院','1738.jpg',1738),(1598,14,335,'江西应用工程职业学院','1739.jpg',1739),(1599,14,166,'江西生物科技职业学院','1740.jpg',1740),(1600,14,166,'江西建设职业技术学院','1741.jpg',1741),(1601,14,98,'抚州职业技术学院','1742.jpg',1742),(1602,14,166,'南昌大学科学技术学院','1743.jpg',1743),(1603,14,166,'南昌大学共青学院','1744.jpg',1744),(1604,14,166,'华东交通大学理工学院','1745.jpg',1745),(1605,14,166,'南昌航空大学科技学院','1746.jpg',1746),(1606,14,11,'江西理工大学应用科学学院','1747.jpg',1747),(1607,14,136,'景德镇陶瓷学院科技艺术学院','1748.jpg',1748),(1608,14,166,'江西农业大学南昌商学院','1749.jpg',1749),(1609,14,166,'江西中医学院科技学院','1750.jpg',1750),(1610,14,166,'江西师范大学科学技术学院','1751.jpg',1751),(1611,14,11,'赣南师范学院科技学院','1752.jpg',1752),(1612,14,166,'江西科技师范学院理工学院','1753.jpg',1753),(1613,14,166,'江西财经大学现代经济管理学院',NULL,1754),(1614,8,40,'黑龙江生物科技职业学院','1755.jpg',1755),(1615,8,303,'黑龙江商业职业学院','1756.jpg',1756),(1616,8,40,'黑龙江公安警官职业学院','1757.jpg',1757),(1617,8,40,'黑龙江信息技术职业学院','1758.jpg',1758),(1618,8,40,'哈尔滨江南职业技术学院','1759.jpg',1759),(1619,8,40,'黑龙江农垦科技职业学院','1761.jpg',1761),(1620,13,256,'福州大学阳光学院','1763.jpg',1763),(1621,13,281,'厦门大学嘉庚学院','1764.jpg',1764),(1622,13,281,'集美大学诚毅学院','1766.jpg',1766),(1623,13,256,'福建师范大学协和学院','1767.jpg',1767),(1624,16,15,'郑州经贸职业学院','1770.jpg',1770),(1625,16,15,'郑州交通职业学院','1771.jpg',1771),(1626,16,15,'河南检察职业学院','1772.jpg',1772),(1627,16,72,'商丘工学院','1773.jpg',1773),(1628,16,88,'河南大学民生学院','1774.jpg',1774),(1629,16,41,'河南师范大学新联学院','1775.jpg',1775),(1630,16,199,'信阳师范学院华锐学院','1776.jpg',1776),(1631,16,243,'安阳师范学院人文管理学院','1777.jpg',1777),(1632,16,41,'新乡医学院三全学院','1778.jpg',1778),(1633,16,41,'河南科技学院新科学院',NULL,1779),(1634,16,300,'河南理工大学万方科技学院','1780.jpg',1780),(1635,16,15,'中原工学院信息商务学院','1781.jpg',1781),(1636,28,246,'西北师范大学知行学院',NULL,1782),(1637,28,246,'兰州商学院陇桥学院','1783.jpg',1783),(1638,28,246,'兰州商学院长青学院','1784.jpg',1784),(1639,28,246,'兰州交通大学博文学院','1786.jpg',1786),(1640,28,246,'兰州理工大学技术工程学院','1787.jpg',1787),(1641,28,207,'武威职业学院','1788.jpg',1788),(1642,28,246,'甘肃交通职业技术学院','1789.jpg',1789),(1643,20,339,'广西警官高等专科学校','1790.jpg',1790),(1644,20,334,'贵港职业学院','1791.jpg',1791),(1645,20,55,'广西现代职业技术学院','1792.jpg',1792),(1646,20,244,'北海职业学院','1793.jpg',1793),(1647,20,244,'北海艺术设计职业学院','1794.jpg',1794),(1648,20,161,'桂林山水职业学院','1796.jpg',1796),(1649,4,262,'山西职业技术学院','1797.jpg',1797),(1650,4,262,'山西煤炭职业技术学院','1798.jpg',1798),(1651,4,262,'山西金融职业学院','1799.jpg',1799),(1652,4,262,'太原城市职业技术学院','1800.jpg',1800),(1653,4,262,'山西大学商务学院','1801.jpg',1801),(1654,4,262,'太原理工大学现代科技学院','1802.jpg',1802),(1655,4,240,'山西农业大学信息学院','1803.jpg',1803),(1656,4,185,'山西师范大学现代文理学院','1804.jpg',1804),(1657,4,262,'中北大学信息商务学院',NULL,1805),(1658,4,185,'山西信息职业技术学院','1806.jpg',1806),(1659,22,299,'西南大学育才学院','1807.jpg',1807),(1660,31,211,'新疆大学科学技术学院','1808.jpg',1808),(1661,31,211,'新疆农业大学科学技术学院','1809.jpg',1809),(1662,31,211,'新疆医科大学厚博学院','1810.jpg',1810),(1663,31,101,'新疆财经大学商务学院','1811.jpg',1811),(1664,31,101,'新疆建设职业技术学院','1812.jpg',1812),(1665,31,286,'新疆兵团警官高等专科学校','1813.jpg',1813),(1666,16,321,'河南质量工程职业学院',NULL,1814),(1667,16,15,'郑州信息科技职业学院','1815.jpg',1815),(1668,27,197,'陕西铁路工程职业技术学院','1816.jpg',1816),(1669,27,224,'宝鸡职业技术学院','1817.jpg',1817),(1670,27,17,'陕西航空职业技术学院','1818.jpg',1818),(1671,27,43,'西安科技商贸职业学院','1819.jpg',1819),(1672,27,43,'陕西电子信息职业技术学院','1820.jpg',1820),(1673,10,96,'无锡太湖学院','1821.jpg',1821),(1674,19,58,'海军广州舰艇学院',NULL,1823),(1675,21,142,'海南软件职业技术学院','1824.jpg',1824),(1676,21,333,'海南政法职业学院','1825.jpg',1825),(1677,21,70,'海南外国语职业学院','1826.jpg',1826),(1678,3,24,'河北工程大学科信学院',NULL,1827),(1679,10,204,'中国矿业大学徐海学院','1828.jpg',1828),(1680,6,146,'辽宁科技大学信息技术学院','1829.jpg',1829),(1681,6,112,'辽宁石油化工大学顺华能源学院','1830.jpg',1830),(1682,2,125,'河北工业大学城市学院','1831.jpg',1831),(1683,22,299,'四川外语学院重庆南方翻译学院','1833.jpg',1833),(1684,22,299,'重庆师范大学涉外商贸学院',NULL,1834),(1685,22,299,'重庆工商大学融智学院',NULL,1835),(1686,22,299,'重庆工商大学派斯学院',NULL,1836),(1687,3,117,'燕山大学里仁学院','1837.jpg',1837),(1688,3,293,'石家庄铁道大学四方学院','1838.jpg',1838),(1689,3,293,'石家庄经济学院华信学院',NULL,1839),(1690,3,269,'河北农业大学现代科技学院','1840.jpg',1840),(1691,3,175,'河北联合大学冀唐学院',NULL,1841),(1692,4,262,'太原科技大学华科学院','1842.jpg',1842),(1693,4,262,'山西医科大学晋祠学院','1843.jpg',1843),(1694,6,5,'大连艺术学院','1844.jpg',1844),(1695,7,66,'长春大学光华学院',NULL,1845),(1696,7,66,'长春工业大学人文信息学院','1846.jpg',1846),(1697,7,66,'长春理工大学光电信息学院','1847.jpg',1847),(1698,7,66,'吉林财经大学信息经济学院','1848.jpg',1848),(1699,7,66,'吉林建筑工程学院城建学院','1849.jpg',1849),(1700,7,66,'长春建筑学院','1850.jpg',1850),(1701,7,66,'吉林农业大学发展学院','1851.jpg',1851),(1702,7,66,'吉林动画学院','1852.jpg',1852),(1703,4,262,'山西财经大学华商学院',NULL,1853),(1704,6,245,'辽宁中医药大学杏林学院','1854.jpg',1854),(1705,6,245,'沈阳医学院何氏视觉科学学院','1855.jpg',1855),(1706,12,133,'安徽财经大学商学院','1856.jpg',1856),(1707,12,296,'安徽大学江淮学院','1857.jpg',1857),(1708,12,120,'安徽工程大学机电学院','1858.jpg',1858),(1709,12,189,'安徽工业大学工商学院','1859.jpg',1859),(1710,12,296,'安徽建筑工业学院城市建设学院','1860.jpg',1860),(1711,12,296,'安徽农业大学经济技术学院',NULL,1861),(1712,12,120,'安徽师范大学皖江学院','1862.jpg',1862),(1713,12,296,'安徽医科大学临床医学院','1863.jpg',1863),(1714,12,135,'阜阳师范学院信息工程学院','1864.jpg',1864),(1715,12,212,'淮北师范大学信息学院',NULL,1865),(1716,6,245,'沈阳化工大学科亚学院','1866.jpg',1866),(1717,7,152,'吉林师范大学博达学院','1867.jpg',1867),(1718,7,66,'长春大学旅游学院','1868.jpg',1868),(1719,15,257,'山东科技大学泰山科技学院','1869.jpg',1869),(1720,22,299,'重庆邮电大学移通学院','1870.jpg',1870),(1721,31,54,'石河子大学科技学院','1871.jpg',1871),(1722,1,103,'首都师范大学科德学院','1872.jpg',1872),(1723,1,103,'北京工商大学嘉华学院','1873.jpg',1873),(1724,6,5,'大连东软信息学院','1874.jpg',1874),(1725,17,48,'中南财经政法大学武汉学院','1876.jpg',1876),(1726,18,234,'长沙理工大学城南学院','1877.jpg',1877),(1727,9,145,'上海外国语大学贤达经济人文学院','1878.jpg',1878),(1728,20,339,'广西大学行健文理学院','1879.jpg',1879),(1729,20,323,'广西工学院鹿山学院','1880.jpg',1880),(1730,20,339,'广西民族大学相思湖学院','1881.jpg',1881),(1731,20,161,'广西师范大学漓江学院','1882.jpg',1882),(1732,20,339,'广西师范学院师园学院','1883.jpg',1883),(1733,20,339,'广西中医学院赛恩斯新医药学院','1884.jpg',1884),(1734,20,161,'桂林电子科技大学信息科技学院','1885.jpg',1885),(1735,20,161,'桂林理工大学博文管理学院','1886.jpg',1886),(1736,10,160,'南京大学金陵学院','1887.jpg',1887),(1737,24,8,'贵阳中医学院时珍学院','1888.jpg',1888),(1738,24,8,'贵州财经学院商务学院','1889.jpg',1889),(1739,24,8,'贵州大学科技学院','1890.jpg',1890),(1740,24,8,'贵州大学明德学院','1891.jpg',1891),(1741,24,8,'贵州民族学院人文科技学院','1892.jpg',1892),(1742,24,8,'贵州师范大学求是学院','1893.jpg',1893),(1743,24,241,'遵义医学院医学与科技学院','1894.jpg',1894),(1744,10,160,'南京理工大学紫金学院','1895.jpg',1895),(1745,10,160,'南京航空航天大学金城学院','1896.jpg',1896),(1746,19,58,'广东工业大学华立学院',NULL,1897),(1747,19,58,'广州大学松田学院','1898.jpg',1898),(1748,2,125,'天津外国语大学滨海外事学院','1899.jpg',1899),(1749,2,125,'天津体育学院运动与文化艺术学院','1900.jpg',1900),(1750,2,125,'天津商业大学宝德学院','1901.jpg',1901),(1751,2,125,'天津医科大学临床医学院',NULL,1902),(1752,7,66,'东北师范大学人文学院','1903.jpg',1903),(1753,2,125,'南开大学滨海学院','1904.jpg',1904),(1754,17,48,'中国地质大学江城学院','1905.jpg',1905),(1755,23,261,'电子科技大学成都学院','1906.jpg',1906),(1756,17,48,'武汉理工大学华夏学院','1907.jpg',1907),(1757,19,109,'华南师范大学增城学院','1908.jpg',1908),(1758,23,196,'成都理工大学工程技术学院','1909.jpg',1909),(1759,23,261,'成都理工大学广播影视学院','1910.jpg',1910),(1760,23,261,'成都信息工程学院银杏酒店管理学院','1911.jpg',1911),(1761,23,261,'四川师范大学文理学院','1912.jpg',1912),(1762,23,261,'四川师范大学成都学院','1913.jpg',1913),(1763,23,261,'四川外语学院成都学院','1914.jpg',1914),(1764,29,236,'青海大学昆仑学院','1915.jpg',1915),(1765,19,103,'北京理工大学珠海学院','1916.jpg',1916),(1766,24,8,'贵阳医学院神奇民族医药学院','1917.jpg',1917),(1767,27,43,'西安交通大学城市学院','1918.jpg',1918),(1768,27,43,'西北大学现代学院','1919.jpg',1919),(1769,27,43,'西安建筑科技大学华清学院','1920.jpg',1920),(1770,27,43,'西安财经学院行知学院','1921.jpg',1921),(1771,27,187,'陕西科技大学镐京学院','1922.jpg',1922),(1772,27,43,'西安工业大学北方信息工程学院','1923.jpg',1923),(1773,27,43,'延安大学西安创新学院','1924.jpg',1924),(1774,19,87,'吉林大学珠海学院','1925.jpg',1925),(1775,27,43,'西安电子科技大学长安学院','1926.jpg',1926),(1776,17,48,'华中师范大学武汉传媒学院','1927.jpg',1927),(1777,10,160,'中国传媒大学南广学院','1928.jpg',1928),(1778,3,24,'河北司法警官职业学院','1930.jpg',1930),(1779,4,262,'山西工商学院','1931.jpg',1931),(1780,4,262,'山西体育职业学院','1932.jpg',1932),(1781,4,262,'山西警官职业学院',NULL,1933),(1782,4,262,'山西国际商务职业学院','1934.jpg',1934),(1783,4,270,'潞安职业技术学院','1935.jpg',1935),(1784,4,262,'太原旅游职业学院','1936.jpg',1936),(1785,4,262,'山西旅游职业学院','1937.jpg',1937),(1786,4,185,'山西管理职业学院','1938.jpg',1938),(1787,5,315,'乌兰察布职业学院','1939.jpg',1939),(1788,2,125,'天津冶金职业技术学院','1940.jpg',1940),(1789,2,125,'天津石油职业技术学院','1941.jpg',1941),(1790,2,125,'天津城市职业学院','1942.jpg',1942),(1791,1,103,'北京科技职业学院','1943.jpg',1943),(1792,23,261,'成都医学院','1944.jpg',1944),(1793,7,170,'吉林医药学院','1945.jpg',1945),(1794,19,58,'广东文艺职业学院','1946.jpg',1946),(1795,19,58,'广州体育职业技术学院','1947.jpg',1947),(1796,19,58,'广州工程技术职业学院','1948.jpg',1948),(1797,19,122,'中山火炬职业技术学院','1949.jpg',1949),(1798,19,63,'江门职业技术学院','1950.jpg',1950),(1799,19,200,'茂名职业技术学院','1951.jpg',1951),(1800,19,87,'珠海城市职业技术学院','1952.jpg',1952),(1801,19,58,'广州工商职业技术学院','1953.jpg',1953),(1802,19,58,'广州涉外经济职业技术学院','1954.jpg',1954),(1803,19,58,'广州南洋理工职业学院','1955.jpg',1955),(1804,19,58,'广州科技职业技术学院','1956.jpg',1956),(1805,19,71,'惠州经济职业技术学院','1957.jpg',1957),(1806,19,297,'广东科技学院','1958.jpg',1958),(1807,19,111,'肇庆科技职业技术学院','1959.jpg',1959),(1808,19,111,'肇庆工商职业技术学院','1960.jpg',1960),(1809,31,211,'新疆现代职业技术学院','1965.jpg',1965),(1810,31,211,'新疆天山职业技术学院','1966.jpg',1966),(1811,1,103,'北京培黎职业学院','1967.jpg',1967),(1812,8,40,'黑龙江旅游职业技术学院','1968.jpg',1968),(1813,8,78,'黑龙江三江美术职业学院','1969.jpg',1969),(1814,8,40,'黑龙江生态工程职业学院','1970.jpg',1970),(1815,8,213,'黑龙江煤炭职业技术学院','1971.jpg',1971),(1816,13,256,'福建警官职业学院','1972.jpg',1972),(1817,22,299,'重庆城市职业学院','1973.jpg',1973),(1818,22,299,'重庆水利电力职业技术学院','1974.jpg',1974),(1819,27,163,'陕西邮电职业技术学院','1975.jpg',1975),(1820,27,43,'西安海棠职业学院','1976.jpg',1976),(1821,27,43,'西安汽车科技职业学院','1977.jpg',1977),(1822,27,43,'西安东方亚太职业技术学院','1978.jpg',1978),(1823,5,22,'通辽职业学院','1979.jpg',1979),(1824,5,22,'科尔沁艺术职业学院','1980.jpg',1980),(1825,11,42,'宁波天一职业技术学院','1981.jpg',1981),(1826,7,2,'白城医学高等专科学校','1982.jpg',1982),(1827,8,16,'黑河学院','1983.jpg',1983),(1828,4,262,'山西电力职业技术学院','1984.jpg',1984),(1829,9,145,'上海电影艺术职业学院','1986.jpg',1986),(1830,10,96,'无锡城市职业技术学院','1987.jpg',1987),(1831,10,52,'无锡工艺职业技术学院','1988.jpg',1988),(1832,10,180,'金山职业技术学院','1989.jpg',1989),(1833,10,294,'健雄职业技术学院','1990.jpg',1990),(1834,10,215,'盐城纺织职业技术学院','1991.jpg',1991),(1835,10,36,'江苏财经职业技术学院','1992.jpg',1992),(1836,10,308,'扬州工业职业技术学院',NULL,1993),(1837,25,195,'云南热带作物职业学院','1994.jpg',1994),(1838,25,75,'云南国防工业职业技术学院','1995.jpg',1995),(1839,25,75,'云南机电职业技术学院','1996.jpg',1996),(1840,25,75,'云南林业职业技术学院','1997.jpg',1997),(1841,25,75,'云南北美职业学院',NULL,1998),(1842,12,189,'马鞍山师范高等专科学校','1999.jpg',1999),(1843,25,75,'昆明扬帆职业技术学院','2000.jpg',2000),(1844,13,256,'福州外语外贸学院','2001.jpg',2001),(1845,13,256,'福建江夏学院','2002.jpg',2002),(1846,13,205,'闽北职业技术学院','2003.jpg',2003),(1847,13,256,'福州黎明职业技术学院','2004.jpg',2004),(1848,13,173,'泉州信息职业技术学院','2005.jpg',2005),(1849,13,281,'厦门演艺职业学院','2006.jpg',2006),(1850,13,281,'厦门华天涉外职业技术学院','2007.jpg',2007),(1851,13,256,'福州科技职业技术学院','2008.jpg',2008),(1852,13,173,'泉州经贸职业技术学院','2009.jpg',2009),(1853,13,256,'福建对外经济贸易职业技术学院','2010.jpg',2010),(1854,13,4,'湄洲湾职业技术学院','2011.jpg',2011),(1855,13,256,'福州海峡职业技术学院','2012.jpg',2012),(1856,14,166,'南昌师范高等专科学校',NULL,2013),(1857,14,98,'江西中医药高等专科学校','2014.jpg',2014),(1858,14,166,'江西先锋软件职业技术学院',NULL,2015),(1859,15,284,'淄博师范高等专科学校','2016.jpg',2016),(1860,15,203,'山东中医药高等专科学校','2017.jpg',2017),(1861,3,118,'沧州医学高等专科学校',NULL,2018),(1862,16,139,'漯河医学高等专科学校','2019.jpg',2019),(1863,16,202,'南阳医学高等专科学校','2020.jpg',2020),(1864,16,72,'商丘医学高等专科学校','2021.jpg',2021),(1865,16,15,'郑州电子信息职业技术学院',NULL,2022),(1866,16,199,'信阳职业技术学院','2023.jpg',2023),(1867,16,15,'嵩山少林武术职业学院','2024.jpg',2024),(1868,16,15,'郑州工业安全职业学院','2025.jpg',2025),(1869,16,91,'永城职业学院',NULL,2026),(1870,16,15,'河南经贸职业学院','2027.jpg',2027),(1871,16,15,'河南交通职业技术学院','2028.jpg',2028),(1872,16,15,'河南农业职业学院',NULL,2029),(1873,16,15,'郑州旅游职业学院','2030.jpg',2030),(1874,16,15,'郑州职业技术学院','2031.jpg',2031),(1875,17,183,'江汉艺术职业学院','2032.jpg',2032),(1876,17,48,'武汉工业职业技术学院',NULL,2034),(1877,17,48,'武汉民政职业学院','2035.jpg',2035),(1878,17,140,'鄂东职业技术学院','2036.jpg',2036),(1879,17,48,'湖北财税职业学院',NULL,2037),(1880,17,140,'黄冈科技职业学院','2038.jpg',2038),(1881,17,113,'湖北国土资源职业学院',NULL,2039),(1882,17,48,'湖北生态工程职业技术学院','2040.jpg',2040),(1883,18,134,'湖南中医药高等专科学校','2041.jpg',2041),(1884,18,84,'邵阳医学高等专科学校','2042.jpg',2042),(1885,18,330,'湖南民族职业学院','2043.jpg',2043),(1886,18,279,'湘西民族职业技术学院','2044.jpg',2044),(1887,18,234,'长沙师范学校','2045.jpg',2045),(1888,18,237,'衡阳财经工业职业技术学院','2046.jpg',2046),(1889,18,73,'益阳职业技术学院',NULL,2047),(1890,18,316,'湖南同德职业学院','2048.jpg',2048),(1891,19,111,'肇庆医学高等专科学校','2049.jpg',2049),(1892,21,333,'琼台师范高等专科学校','2050.jpg',2050),(1893,23,261,'四川商务职业学院','2051.jpg',2051),(1894,23,282,'四川司法警官职业学院','2052.jpg',2052),(1895,23,329,'广安职业技术学院','2053.jpg',2053),(1896,23,110,'四川信息职业技术学院','2054.jpg',2054),(1897,23,252,'四川警安职业学院','2055.jpg',2055),(1898,24,89,'黔西南民族职业技术学院','2056.jpg',2056),(1899,24,8,'贵州轻工职业技术学院','2057.jpg',2057),(1900,27,43,'陕西警官职业学院','2058.jpg',2058),(1901,30,313,'银川科技职业学院','2059.jpg',2059),(1902,4,264,'忻州职业技术学院','2060.jpg',2060),(1903,3,293,'河北女子职业技术学院','2061.jpg',2061),(1904,5,201,'内蒙古交通职业技术学院','2063.jpg',2063),(1905,11,101,'浙江长征职业技术学院','2064.jpg',2064),(1906,20,339,'广西经贸职业技术学院','2065.jpg',2065),(1907,20,339,'广西工商职业技术学院','2066.jpg',2066),(1908,20,339,'广西演艺职业学院','2067.jpg',2067),(1909,20,339,'广西外国语学院','2068.jpg',2068),(1910,20,339,'广西电力职业技术学院','2069.jpg',2069),(1911,10,97,'南京理工大学泰州科技学院','2071.jpg',2071),(1912,10,97,'南京师范大学泰州学院','2072.jpg',2072),(1913,19,297,'东莞理工学院城市学院','2073.jpg',2073),(1914,12,296,'安徽财贸职业学院','2074.jpg',2074),(1915,12,296,'安徽国际商务职业学院','2075.jpg',2075),(1916,12,296,'安徽公安职业学院','2076.jpg',2076),(1917,12,296,'安徽林业职业技术学院','2077.jpg',2077),(1918,12,296,'安徽审计职业学院','2078.jpg',2078),(1919,12,296,'安徽新闻出版职业技术学院','2079.jpg',2079),(1920,12,296,'安徽邮电职业技术学院','2080.jpg',2080),(1921,12,149,'安徽工业职业技术学院','2081.jpg',2081),(1922,15,61,'济南工程职业技术学院','2084.jpg',2084),(1923,15,61,'山东电子职业技术学院','2085.jpg',2085),(1924,15,320,'山东华宇职业技术学院','2086.jpg',2086),(1925,15,61,'山东旅游职业学院','2087.jpg',2087),(1926,15,284,'山东铝业职业学院','2088.jpg',2088),(1927,15,61,'山东杏林科技职业学院','2089.jpg',2089),(1928,15,257,'泰山职业技术学院','2090.jpg',2090),(1929,4,302,'山西同文外语职业学院','2091.jpg',2091),(1930,14,166,'江西经济管理职业学院','2093.jpg',2093),(1931,14,166,'江西制造职业技术学院','2094.jpg',2094),(1932,14,335,'江西工业工程职业技术学院','2095.jpg',2095),(1933,14,166,'江西青年职业学院','2096.jpg',2096),(1934,14,171,'上饶职业技术学院','2097.jpg',2097),(1935,14,166,'江西航空职业技术学院','2098.jpg',2098),(1936,14,259,'江西农业工程职业学院','2099.jpg',2099),(1937,14,49,'赣西科技职业学院','2100.jpg',2100),(1938,15,61,'山东外事翻译职业学院','2101.jpg',2101),(1939,21,161,'海南经贸职业技术学院','2102.jpg',2102),(1940,21,333,'海南工商职业学院','2103.jpg',2103),(1941,6,5,'海军大连舰艇学院','2105.jpg',2105),(1942,18,234,'湖南信息科学职业学院','2118.jpg',2118),(1943,9,145,'上海政法学院','2120.jpg',2120),(1944,9,145,'上海中华职业技术学院','2124.jpg',2124),(1945,14,98,'东华理工大学长江学院','2125.jpg',2125),(1946,32,47,'香港大学',NULL,2130),(1947,32,47,'香港中文大学',NULL,2131),(1948,32,47,'香港理工大学',NULL,2132),(1949,32,47,'香港科技大学',NULL,2133),(1950,32,47,'香港城市大学',NULL,2134),(1951,32,47,'香港浸会大学',NULL,2135),(1952,32,47,'香港岭南大学',NULL,2136),(1953,32,47,'香港教育学院',NULL,2137);
/*!40000 ALTER TABLE `fd_College` ENABLE KEYS */;
UNLOCK TABLES;

--
-- Table structure for table `fd_Coltype`
--

DROP TABLE IF EXISTS `fd_Coltype`;
/*!40101 SET @saved_cs_client     = @@character_set_client */;
/*!40101 SET character_set_client = utf8 */;
CREATE TABLE `fd_Coltype` (
  `id` int(11) NOT NULL AUTO_INCREMENT,
  `name` varchar(50) NOT NULL,
  PRIMARY KEY (`id`)
) ENGINE=InnoDB DEFAULT CHARSET=utf8;
/*!40101 SET character_set_client = @saved_cs_client */;

--
-- Dumping data for table `fd_Coltype`
--

LOCK TABLES `fd_Coltype` WRITE;
/*!40000 ALTER TABLE `fd_Coltype` DISABLE KEYS */;
INSERT INTO `fd_Coltype` VALUES (1,'本科'),(2,'硕士'),(3,'博士'),(4,'中学');
/*!40000 ALTER TABLE `fd_Coltype` ENABLE KEYS */;
UNLOCK TABLES;

--
-- Table structure for table `fd_Doc`
--

DROP TABLE IF EXISTS `fd_Doc`;
/*!40101 SET @saved_cs_client     = @@character_set_client */;
/*!40101 SET character_set_client = utf8 */;
CREATE TABLE `fd_Doc` (
  `id` int(11) NOT NULL AUTO_INCREMENT,
  `user_id` int(11) NOT NULL,
  `doc_id` varchar(20) NOT NULL,
  `name` varchar(512) NOT NULL,
  `content_type` varchar(512) NOT NULL,
  `md5` varchar(32) NOT NULL,
  `docsize` int(11) NOT NULL,
  `title` varchar(512) DEFAULT NULL,
  `summary` mediumtext,
  `tags` varchar(512) DEFAULT NULL,
  `pubdate` datetime NOT NULL,
  `status_` int(11) NOT NULL DEFAULT '0',
  PRIMARY KEY (`id`),
  UNIQUE KEY `doc_id` (`doc_id`),
  UNIQUE KEY `doc_id_2` (`doc_id`)
) ENGINE=InnoDB DEFAULT CHARSET=utf8;
/*!40101 SET character_set_client = @saved_cs_client */;

--
-- Table structure for table `fd_Doccomm`
--

DROP TABLE IF EXISTS `fd_Doccomm`;
/*!40101 SET @saved_cs_client     = @@character_set_client */;
/*!40101 SET character_set_client = utf8 */;
CREATE TABLE `fd_Doccomm` (
  `id` int(11) NOT NULL AUTO_INCREMENT,
  `user_id` int(11) NOT NULL,
  `doc_id` int(11) NOT NULL,
  `comments` mediumtext NOT NULL,
  `pubdate` datetime NOT NULL,
  PRIMARY KEY (`id`)
) ENGINE=InnoDB DEFAULT CHARSET=utf8;
/*!40101 SET character_set_client = @saved_cs_client */;

--
-- Table structure for table `fd_Doctag`
--

DROP TABLE IF EXISTS `fd_Doctag`;
/*!40101 SET @saved_cs_client     = @@character_set_client */;
/*!40101 SET character_set_client = utf8 */;
CREATE TABLE `fd_Doctag` (
  `id` int(11) NOT NULL AUTO_INCREMENT,
  `tag` varchar(100) NOT NULL,
  `status_` int(11) NOT NULL DEFAULT '0',
  PRIMARY KEY (`id`)
) ENGINE=InnoDB DEFAULT CHARSET=utf8;
/*!40101 SET character_set_client = @saved_cs_client */;

--
-- Table structure for table `fd_Dtag`
--

DROP TABLE IF EXISTS `fd_Dtag`;
/*!40101 SET @saved_cs_client     = @@character_set_client */;
/*!40101 SET character_set_client = utf8 */;
CREATE TABLE `fd_Dtag` (
  `id` int(11) NOT NULL AUTO_INCREMENT,
  `doc_id` int(11) NOT NULL,
  `tag_id` int(11) NOT NULL,
  PRIMARY KEY (`id`)
) ENGINE=InnoDB DEFAULT CHARSET=utf8;
/*!40101 SET character_set_client = @saved_cs_client */;

--
-- Table structure for table `fd_Feedback`
--

DROP TABLE IF EXISTS `fd_Feedback`;
/*!40101 SET @saved_cs_client     = @@character_set_client */;
/*!40101 SET character_set_client = utf8 */;
CREATE TABLE `fd_Feedback` (
  `id` int(11) NOT NULL AUTO_INCREMENT,
  `username` varchar(100) NOT NULL,
  `email` varchar(100) NOT NULL,
  `subject` varchar(100) NOT NULL,
  `comments` mediumtext NOT NULL,
  `ip` varchar(39) NOT NULL,
  `ua` varchar(200) NOT NULL,
  `date` datetime NOT NULL,
  `is_login` tinyint(1) NOT NULL,
  PRIMARY KEY (`id`)
) ENGINE=InnoDB DEFAULT CHARSET=utf8;
/*!40101 SET character_set_client = @saved_cs_client */;

--
-- Table structure for table `fd_Link`
--

DROP TABLE IF EXISTS `fd_Link`;
/*!40101 SET @saved_cs_client     = @@character_set_client */;
/*!40101 SET character_set_client = utf8 */;
CREATE TABLE `fd_Link` (
  `id` int(11) NOT NULL AUTO_INCREMENT,
  `user_id` int(11) NOT NULL,
  `url` varchar(512) NOT NULL,
  `title` varchar(512) DEFAULT NULL,
  `summary` mediumtext,
  `pubdate` datetime NOT NULL,
  `status_` int(11) NOT NULL DEFAULT '0',
  `tags` varchar(512) DEFAULT NULL,
  PRIMARY KEY (`id`)
) ENGINE=InnoDB DEFAULT CHARSET=utf8;
/*!40101 SET character_set_client = @saved_cs_client */;

--
-- Table structure for table `fd_Linkcomm`
--

DROP TABLE IF EXISTS `fd_Linkcomm`;
/*!40101 SET @saved_cs_client     = @@character_set_client */;
/*!40101 SET character_set_client = utf8 */;
CREATE TABLE `fd_Linkcomm` (
  `id` int(11) NOT NULL AUTO_INCREMENT,
  `user_id` int(11) NOT NULL,
  `link_id` int(11) NOT NULL,
  `comments` mediumtext NOT NULL,
  `pubdate` datetime NOT NULL,
  PRIMARY KEY (`id`)
) ENGINE=InnoDB DEFAULT CHARSET=utf8;
/*!40101 SET character_set_client = @saved_cs_client */;

--
-- Table structure for table `fd_Ltag`
--

DROP TABLE IF EXISTS `fd_Ltag`;
/*!40101 SET @saved_cs_client     = @@character_set_client */;
/*!40101 SET character_set_client = utf8 */;
CREATE TABLE `fd_Ltag` (
  `id` int(11) NOT NULL AUTO_INCREMENT,
  `link_id` int(11) NOT NULL,
  `tag_id` int(11) NOT NULL,
  PRIMARY KEY (`id`)
) ENGINE=InnoDB DEFAULT CHARSET=utf8;
/*!40101 SET character_set_client = @saved_cs_client */;

--
-- Table structure for table `fd_Major`
--

DROP TABLE IF EXISTS `fd_Major`;
/*!40101 SET @saved_cs_client     = @@character_set_client */;
/*!40101 SET character_set_client = utf8 */;
CREATE TABLE `fd_Major` (
  `id` int(11) NOT NULL AUTO_INCREMENT,
  `name` varchar(100) NOT NULL,
  PRIMARY KEY (`id`)
) ENGINE=InnoDB DEFAULT CHARSET=utf8;
/*!40101 SET character_set_client = @saved_cs_client */;

--
-- Table structure for table `fd_Note`
--

DROP TABLE IF EXISTS `fd_Note`;
/*!40101 SET @saved_cs_client     = @@character_set_client */;
/*!40101 SET character_set_client = utf8 */;
CREATE TABLE `fd_Note` (
  `id` int(11) NOT NULL AUTO_INCREMENT,
  `user_id` int(11) NOT NULL,
  `title` varchar(512) NOT NULL,
  `note` mediumtext NOT NULL,
  `pubdate` datetime NOT NULL,
  `status_` int(11) NOT NULL DEFAULT '0',
  PRIMARY KEY (`id`)
) ENGINE=InnoDB DEFAULT CHARSET=utf8;
/*!40101 SET character_set_client = @saved_cs_client */;

--
-- Table structure for table `fd_NoteHistory`
--

DROP TABLE IF EXISTS `fd_NoteHistory`;
/*!40101 SET @saved_cs_client     = @@character_set_client */;
/*!40101 SET character_set_client = utf8 */;
CREATE TABLE `fd_NoteHistory` (
  `id` int(11) NOT NULL AUTO_INCREMENT,
  `note_id` int(11) NOT NULL,
  `title` varchar(512) NOT NULL,
  `note` mediumtext NOT NULL,
  `rev_num` int(11) NOT NULL,
  `rev_user_id` int(11) NOT NULL,
  `rev_user_name` varchar(100) NOT NULL,
  `rev_user_domain` varchar(100) NOT NULL,
  `rev_status` int(11) NOT NULL DEFAULT '0',
  `revdate` datetime NOT NULL,
  PRIMARY KEY (`id`)
) ENGINE=InnoDB DEFAULT CHARSET=utf8;
/*!40101 SET character_set_client = @saved_cs_client */;


--
-- Table structure for table `fd_Notecomm`
--

DROP TABLE IF EXISTS `fd_Notecomm`;
/*!40101 SET @saved_cs_client     = @@character_set_client */;
/*!40101 SET character_set_client = utf8 */;
CREATE TABLE `fd_Notecomm` (
  `id` int(11) NOT NULL AUTO_INCREMENT,
  `user_id` int(11) NOT NULL,
  `note_id` int(11) NOT NULL,
  `comments` mediumtext NOT NULL,
  `pubdate` datetime NOT NULL,
  `status_` int(11) NOT NULL DEFAULT '0',
  PRIMARY KEY (`id`)
) ENGINE=InnoDB DEFAULT CHARSET=utf8;
/*!40101 SET character_set_client = @saved_cs_client */;

--
-- Table structure for table `fd_People`
--

DROP TABLE IF EXISTS `fd_People`;
/*!40101 SET @saved_cs_client     = @@character_set_client */;
/*!40101 SET character_set_client = utf8 */;
CREATE TABLE `fd_People` (
  `id` int(11) NOT NULL AUTO_INCREMENT,
  `password` varchar(100) NOT NULL,
  `name` varchar(100) NOT NULL,
  `email` varchar(100) NOT NULL,
  `email_verified` tinyint(1) DEFAULT NULL,
  `city_id` int(11) DEFAULT NULL,
  `college_id` int(11) DEFAULT NULL,
  `major_id` int(11) DEFAULT NULL,
  `ss_city_id` int(11) DEFAULT NULL,
  `ss_college_id` int(11) DEFAULT NULL,
  `ss_major_id` int(11) DEFAULT NULL,
  `bs_city_id` int(11) DEFAULT NULL,
  `bs_college_id` int(11) DEFAULT NULL,
  `bs_major_id` int(11) DEFAULT NULL,
  `zx_city` varchar(100) DEFAULT NULL,
  `zx_province_id` int(11) DEFAULT NULL,
  `zx_school` varchar(100) DEFAULT NULL,
  `college_type` int(1) DEFAULT NULL,
  `domain` varchar(100) NOT NULL,
  `actlevel` int(11) NOT NULL DEFAULT '1000',
  `signup_ip` varchar(39) NOT NULL,
  `login_ip` varchar(39) NOT NULL,
  `signup_date` datetime NOT NULL,
  `login_date` datetime NOT NULL,
  `uuid_` varchar(32) NOT NULL,
  `status_` int(11) NOT NULL DEFAULT '0',
  `has_selfdesc` tinyint(1) NOT NULL DEFAULT '0',
  `sugg_link` tinyint(1) DEFAULT '0',
  PRIMARY KEY (`id`),
  UNIQUE KEY `email` (`email`)
) ENGINE=InnoDB DEFAULT CHARSET=utf8;
/*!40101 SET character_set_client = @saved_cs_client */;

--
-- Table structure for table `fd_Province`
--

DROP TABLE IF EXISTS `fd_Province`;
/*!40101 SET @saved_cs_client     = @@character_set_client */;
/*!40101 SET character_set_client = utf8 */;
CREATE TABLE `fd_Province` (
  `id` int(11) NOT NULL AUTO_INCREMENT,
  `name` varchar(100) NOT NULL,
  PRIMARY KEY (`id`),
  UNIQUE KEY `name` (`name`)
) ENGINE=InnoDB DEFAULT CHARSET=utf8;
/*!40101 SET character_set_client = @saved_cs_client */;

--
-- Dumping data for table `fd_Province`
--

LOCK TABLES `fd_Province` WRITE;
/*!40000 ALTER TABLE `fd_Province` DISABLE KEYS */;
INSERT INTO `fd_Province` VALUES (9,'上海'),(25,'云南'),(5,'内蒙古'),(1,'北京'),(34,'台湾'),(7,'吉林'),(23,'四川'),(2,'天津'),(30,'宁夏'),(12,'安徽'),(15,'山东'),(4,'山西'),(19,'广东'),(20,'广西'),(31,'新疆'),(10,'江苏'),(14,'江西'),(3,'河北'),(16,'河南'),(11,'浙江'),(21,'海南'),(17,'湖北'),(18,'湖南'),(33,'澳门'),(28,'甘肃'),(13,'福建'),(26,'西藏'),(24,'贵州'),(6,'辽宁'),(22,'重庆'),(27,'陕西'),(29,'青海'),(32,'香港'),(8,'黑龙江');
/*!40000 ALTER TABLE `fd_Province` ENABLE KEYS */;
UNLOCK TABLES;

--
-- Table structure for table `fd_Selfdesc`
--

DROP TABLE IF EXISTS `fd_Selfdesc`;
/*!40101 SET @saved_cs_client     = @@character_set_client */;
/*!40101 SET character_set_client = utf8 */;
CREATE TABLE `fd_Selfdesc` (
  `id` int(11) NOT NULL AUTO_INCREMENT,
  `user_id` int(11) DEFAULT NULL,
  `selfdesc` mediumtext,
  PRIMARY KEY (`id`)
) ENGINE=InnoDB DEFAULT CHARSET=utf8;
/*!40101 SET character_set_client = @saved_cs_client */;

--
-- Table structure for table `fd_Stacomm`
--

DROP TABLE IF EXISTS `fd_Stacomm`;
/*!40101 SET @saved_cs_client     = @@character_set_client */;
/*!40101 SET character_set_client = utf8 */;
CREATE TABLE `fd_Stacomm` (
  `id` int(11) NOT NULL AUTO_INCREMENT,
  `user_id` int(11) NOT NULL,
  `status_id` int(11) NOT NULL,
  `comments` mediumtext NOT NULL,
  `pubdate` datetime NOT NULL,
  `status_` int(11) NOT NULL DEFAULT '0',
  PRIMARY KEY (`id`)
) ENGINE=InnoDB DEFAULT CHARSET=utf8;
/*!40101 SET character_set_client = @saved_cs_client */;

--
-- Table structure for table `fd_Status`
--

DROP TABLE IF EXISTS `fd_Status`;
/*!40101 SET @saved_cs_client     = @@character_set_client */;
/*!40101 SET character_set_client = utf8 */;
CREATE TABLE `fd_Status` (
  `id` int(11) NOT NULL AUTO_INCREMENT,
  `user_id` int(11) NOT NULL,
  `status` mediumtext NOT NULL,
  `pubdate` datetime NOT NULL,
  `status_` int(11) NOT NULL DEFAULT '0',
  PRIMARY KEY (`id`)
) ENGINE=InnoDB DEFAULT CHARSET=utf8;
/*!40101 SET character_set_client = @saved_cs_client */;

--
-- Table structure for table `fd_Tag`
--

DROP TABLE IF EXISTS `fd_Tag`;
/*!40101 SET @saved_cs_client     = @@character_set_client */;
/*!40101 SET character_set_client = utf8 */;
CREATE TABLE `fd_Tag` (
  `id` int(11) NOT NULL AUTO_INCREMENT,
  `tag` varchar(100) NOT NULL,
  `status_` int(11) NOT NULL DEFAULT '0',
  PRIMARY KEY (`id`)
) ENGINE=InnoDB AUTO_INCREMENT=61 DEFAULT CHARSET=utf8;
/*!40101 SET character_set_client = @saved_cs_client */;

/*!40103 SET TIME_ZONE=@OLD_TIME_ZONE */;

/*!40101 SET SQL_MODE=@OLD_SQL_MODE */;
/*!40014 SET FOREIGN_KEY_CHECKS=@OLD_FOREIGN_KEY_CHECKS */;
/*!40014 SET UNIQUE_CHECKS=@OLD_UNIQUE_CHECKS */;
/*!40101 SET CHARACTER_SET_CLIENT=@OLD_CHARACTER_SET_CLIENT */;
/*!40101 SET CHARACTER_SET_RESULTS=@OLD_CHARACTER_SET_RESULTS */;
/*!40101 SET COLLATION_CONNECTION=@OLD_COLLATION_CONNECTION */;
/*!40111 SET SQL_NOTES=@OLD_SQL_NOTES */;
